Time [msec],x [m],y [m],z [m],Red,Green,Blue
0,-10.825,-8.606,0,255,255,255
250,-10.8259,-8.6035,0.0092,255,255,255
500,-10.8294,-8.5939,0.0443,255,255,255
750,-10.8353,-8.5774,0.105,255,255,255
1000,-10.8437,-8.554,0.1907,255,255,255
1250,-10.8546,-8.524,0.3007,255,255,255
1500,-10.8677,-8.4875,0.4344,255,255,255
1750,-10.8831,-8.4448,0.5911,255,255,255
2000,-10.9007,-8.3959,0.7702,255,255,255
2250,-10.9205,-8.341,0.9711,255,255,255
2500,-10.9423,-8.2803,1.1931,255,255,255
2750,-10.9662,-8.2141,1.4356,255,255,255
3000,-10.992,-8.1424,1.6979,255,255,255
3250,-11.0197,-8.0654,1.9795,255,255,255
3500,-11.0493,-7.9833,2.2795,255,255,255
3750,-11.0806,-7.8963,2.5975,255,255,255
4000,-11.1136,-7.8045,2.9327,255,255,255
4250,-11.1482,-7.7082,3.2846,255,255,255
4500,-11.1845,-7.6074,3.6524,255,255,255
4750,-11.2222,-7.5024,4.0356,255,255,255
5000,-11.2614,-7.3933,4.4335,255,255,255
5250,-11.302,-7.2804,4.8455,255,255,255
5500,-11.344,-7.1637,5.2708,255,255,255
5750,-11.3871,-7.0435,5.7087,255,255,255
6000,-11.4314,-6.9201,6.1587,255,255,255
6250,-11.4769,-6.7936,6.6202,255,255,255
6500,-11.5234,-6.6642,7.0923,255,255,255
6750,-11.5709,-6.5319,7.5747,255,255,255
7000,-11.6193,-6.3971,8.0665,255,255,255
7250,-11.6685,-6.2599,8.5673,255,255,255
7500,-11.7186,-6.1204,9.0763,255,255,255
7750,-11.7694,-5.9788,9.593,255,255,255
8000,-11.8209,-5.8353,10.1166,255,255,255
8250,-11.8731,-5.6901,10.6467,255,255,255
8500,-11.9258,-5.5433,11.1825,255,255,255
8750,-11.979,-5.3951,11.7235,255,255,255
9000,-12.0326,-5.2457,12.2689,255,255,255
9250,-12.0866,-5.0953,12.8183,255,255,255
9500,-12.1409,-4.9439,13.3709,255,255,255
9750,-12.1955,-4.7919,13.9261,255,255,255
10000,-12.2503,-4.6393,14.4833,255,255,255
10250,-12.3052,-4.4864,15.0419,255,255,255
10500,-12.3601,-4.3333,15.6012,255,255,255
10750,-12.4151,-4.1801,16.1607,255,255,255
11000,-12.47,-4.0271,16.7196,255,255,255
11250,-12.5249,-3.8744,17.2774,255,255,255
11500,-12.5795,-3.7222,17.8335,255,255,255
11750,-12.6339,-3.5707,18.3871,255,255,255
12000,-12.688,-3.42,18.9377,255,255,255
12250,-12.7418,-3.2703,19.4847,255,255,255
12500,-12.7951,-3.1219,20.0275,255,255,255
12750,-12.848,-2.9747,20.5653,255,255,255
13000,-12.9003,-2.8291,21.0976,255,255,255
13250,-12.952,-2.6852,21.6237,255,255,255
13500,-13.0031,-2.5431,22.1431,255,255,255
13750,-13.0534,-2.4031,22.655,255,255,255
14000,-13.103,-2.2653,23.1589,255,255,255
14250,-13.1517,-2.1298,23.6542,255,255,255
14500,-13.1995,-1.997,24.1402,255,255,255
14750,-13.2463,-1.8668,24.6162,255,255,255
15000,-13.2921,-1.7396,25.0818,255,255,255
15250,-13.3368,-1.6154,25.5361,255,255,255
15500,-13.3803,-1.4944,25.9786,255,255,255
15750,-13.4226,-1.3769,26.4088,255,255,255
16000,-13.4637,-1.2629,26.8259,255,255,255
16250,-13.5034,-1.1527,27.2293,255,255,255
16500,-13.5417,-1.0464,27.6184,255,255,255
16750,-13.5786,-0.9443,27.9925,255,255,255
17000,-13.6139,-0.8464,28.3511,255,255,255
17250,-13.6477,-0.7529,28.6936,255,255,255
17500,-13.6798,-0.664,29.0192,255,255,255
17750,-13.7102,-0.58,29.3274,255,255,255
18000,-13.7389,-0.5008,29.6175,255,255,255
18250,-13.7657,-0.4268,29.8889,255,255,255
18500,-13.7907,-0.3581,30.141,255,255,255
18750,-13.8137,-0.2949,30.3731,255,255,255
19000,-13.8346,-0.2373,30.5847,255,255,255
19250,-13.8535,-0.1856,30.7751,255,255,255
19500,-13.8703,-0.1398,30.9436,255,255,255
19750,-13.8849,-0.1002,31.0897,255,255,255
20000,-13.8972,-0.0668,31.2128,255,255,255
20250,-13.9073,-0.04,31.3121,255,255,255
20500,-13.9149,-0.0199,31.387,255,255,255
20750,-13.9201,-0.0066,31.437,255,255,255
21000,-13.9228,-0.0004,31.4615,255,255,255
21250,-13.9265,-0.0021,31.47,255,255,255
21500,-13.9378,-0.0135,31.4813,255,255,255
21750,-13.9566,-0.0344,31.4961,255,255,255
22000,-13.983,-0.0648,31.5141,255,255,255
22250,-14.0168,-0.1046,31.5356,255,255,255
22500,-14.058,-0.1537,31.5604,255,255,255
22750,-14.1065,-0.2122,31.5887,255,255,255
23000,-14.1621,-0.2798,31.6205,255,255,255
23250,-14.2248,-0.3565,31.6558,255,255,255
23500,-14.2946,-0.4422,31.6946,255,255,255
23750,-14.3713,-0.5369,31.7369,255,255,255
24000,-14.4549,-0.6405,31.7829,255,255,255
24250,-14.5452,-0.7529,31.8325,255,255,255
24500,-14.6423,-0.8741,31.8857,255,255,255
24750,-14.7459,-1.0039,31.9426,255,255,255
25000,-14.8561,-1.1422,32.0032,255,255,255
25250,-14.9727,-1.2891,32.0676,255,255,255
25500,-15.0957,-1.4445,32.1357,255,255,255
25750,-15.225,-1.6081,32.2077,255,255,255
26000,-15.3604,-1.7801,32.2834,255,255,255
26250,-15.502,-1.9603,32.363,255,255,255
26500,-15.6496,-2.1486,32.4465,255,255,255
26750,-15.8031,-2.345,32.5339,255,255,255
27000,-15.9625,-2.5493,32.6253,255,255,255
27250,-16.1277,-2.7616,32.7206,255,255,255
27500,-16.2983,-2.9815,32.8197,255,255,255
27750,-16.4735,-3.2087,32.922,255,255,255
28000,-16.6534,-3.4431,33.0276,255,255,255
28250,-16.8376,-3.6845,33.1361,255,255,255
28500,-17.0261,-3.9328,33.2477,255,255,255
28750,-17.2187,-4.1879,33.3621,255,255,255
29000,-17.4152,-4.4497,33.4793,255,255,255
29250,-17.6156,-4.7179,33.5992,255,255,255
29500,-17.8197,-4.9926,33.7216,255,255,255
29750,-18.0273,-5.2735,33.8465,255,255,255
30000,-18.2382,-5.5606,33.9738,255,255,255
30250,-18.4524,-5.8537,34.1033,255,255,255
30500,-18.6697,-6.1527,34.2351,255,255,255
30750,-18.89,-6.4574,34.3689,255,255,255
31000,-19.113,-6.7678,34.5047,255,255,255
31250,-19.3387,-7.0837,34.6424,255,255,255
31500,-19.5669,-7.405,34.7819,255,255,255
31750,-19.7975,-7.7315,34.923,255,255,255
32000,-20.0303,-8.0632,35.0658,255,255,255
32250,-20.2652,-8.3998,35.21,255,255,255
32500,-20.5019,-8.7414,35.3557,255,255,255
32750,-20.7405,-9.0877,35.5026,255,255,255
33000,-20.9807,-9.4386,35.6508,255,255,255
33250,-21.2224,-9.794,35.8,255,255,255
33500,-21.4654,-10.1538,35.9503,255,255,255
33750,-21.7097,-10.5178,36.1014,255,255,255
34000,-21.955,-10.886,36.2534,255,255,255
34250,-22.2012,-11.2581,36.406,255,255,255
34500,-22.4481,-11.6341,36.5593,255,255,255
34750,-22.6957,-12.0138,36.7131,255,255,255
35000,-22.9437,-12.3972,36.8673,255,255,255
35250,-23.1921,-12.784,37.0218,255,255,255
35500,-23.4407,-13.1742,37.1765,255,255,255
35750,-23.6892,-13.5677,37.3314,255,255,255
36000,-23.9377,-13.9642,37.4862,255,255,255
36250,-24.1859,-14.3637,37.641,255,255,255
36500,-24.4337,-14.7661,37.7956,255,255,255
36750,-24.681,-15.1711,37.95,255,255,255
37000,-24.9275,-15.5788,38.1039,255,255,255
37250,-25.1733,-15.989,38.2574,255,255,255
37500,-25.418,-16.4015,38.4104,255,255,255
37750,-25.6616,-16.8162,38.5623,255,255,255
38000,-25.9039,-17.233,38.7127,255,255,255
38250,-26.145,-17.6518,38.8615,255,255,255
38500,-26.3847,-18.0724,39.0086,255,255,255
38750,-26.6231,-18.4947,39.154,255,255,255
39000,-26.8602,-18.9186,39.2977,255,255,255
39250,-27.0959,-19.344,39.4398,255,255,255
39500,-27.3302,-19.7707,39.58,255,255,255
39750,-27.5631,-20.1986,39.7186,255,255,255
40000,-27.7946,-20.6276,39.8553,255,255,255
40250,-28.0246,-21.0575,39.9902,255,255,255
40500,-28.2532,-21.4883,40.1233,255,255,255
40750,-28.4802,-21.9197,40.2545,255,255,255
41000,-28.7057,-22.3518,40.3838,255,255,255
41250,-28.9297,-22.7843,40.5112,255,255,255
41500,-29.1521,-23.2171,40.6367,255,255,255
41750,-29.3729,-23.65,40.7602,255,255,255
42000,-29.5921,-24.0831,40.8818,255,255,255
42250,-29.8097,-24.5161,41.0013,255,255,255
42500,-30.0256,-24.9489,41.1188,255,255,255
42750,-30.2399,-25.3814,41.2342,255,255,255
43000,-30.4524,-25.8135,41.3476,255,255,255
43250,-30.6632,-26.2449,41.4589,255,255,255
43500,-30.8723,-26.6757,41.568,255,255,255
43750,-31.0796,-27.1057,41.675,255,255,255
44000,-31.2852,-27.5347,41.7798,255,255,255
44250,-31.4889,-27.9627,41.8825,255,255,255
44500,-31.6908,-28.3894,41.9829,255,255,255
44750,-31.8908,-28.8149,42.081,255,255,255
45000,-32.089,-29.2388,42.1769,255,255,255
45250,-32.2852,-29.6612,42.2705,255,255,255
45500,-32.4796,-30.0819,42.3617,255,255,255
45750,-32.672,-30.5008,42.4507,255,255,255
46000,-32.8624,-30.9176,42.5372,255,255,255
46250,-33.0508,-31.3324,42.6214,255,255,255
46500,-33.2373,-31.745,42.7032,255,255,255
46750,-33.4217,-32.1553,42.7825,255,255,255
47000,-33.604,-32.5631,42.8594,255,255,255
47250,-33.7843,-32.9683,42.9337,255,255,255
47500,-33.9625,-33.3707,43.0056,255,255,255
47750,-34.1386,-33.7704,43.0749,255,255,255
48000,-34.3125,-34.167,43.1417,255,255,255
48250,-34.4843,-34.5606,43.2059,255,255,255
48500,-34.6539,-34.9509,43.2675,255,255,255
48750,-34.8212,-35.3379,43.3264,255,255,255
49000,-34.9864,-35.7214,43.3827,255,255,255
49250,-35.1493,-36.1012,43.4363,255,255,255
49500,-35.3099,-36.4774,43.4873,255,255,255
49750,-35.4682,-36.8497,43.5355,255,255,255
50000,-35.6243,-37.218,43.5809,255,255,255
50250,-35.7779,-37.5822,43.6236,255,255,255
50500,-35.9292,-37.9422,43.6635,255,255,255
50750,-36.0782,-38.2977,43.7005,255,255,255
51000,-36.2247,-38.6488,43.7347,255,255,255
51250,-36.3688,-38.9953,43.7661,255,255,255
51500,-36.5104,-39.3371,43.7945,255,255,255
51750,-36.6497,-39.6739,43.8203,255,255,255
52000,-36.7867,-40.0057,43.844,255,255,255
52250,-36.9214,-40.3324,43.8657,255,255,255
52500,-37.0537,-40.6537,43.8855,255,255,255
52750,-37.1837,-40.9696,43.9035,255,255,255
53000,-37.3112,-41.28,43.9196,255,255,255
53250,-37.4363,-41.5848,43.934,255,255,255
53500,-37.5589,-41.8837,43.9468,255,255,255
53750,-37.6789,-42.1767,43.9581,255,255,255
54000,-37.7963,-42.4637,43.9678,255,255,255
54250,-37.911,-42.7446,43.9761,255,255,255
54500,-38.0231,-43.0191,43.9831,255,255,255
54750,-38.1325,-43.2873,43.9888,255,255,255
55000,-38.2391,-43.5489,43.9934,255,255,255
55250,-38.343,-43.8038,43.9968,255,255,255
55500,-38.4439,-44.052,43.9991,255,255,255
55750,-38.542,-44.2933,44.0005,255,255,255
56000,-38.6372,-44.5275,44.001,255,255,255
56250,-38.7294,-44.7546,44.0007,255,255,255
56500,-38.8186,-44.9745,43.9996,255,255,255
56750,-38.9047,-45.1869,43.9979,255,255,255
57000,-38.9878,-45.3918,43.9955,255,255,255
57250,-39.0677,-45.589,43.9926,255,255,255
57500,-39.1444,-45.7785,43.9893,255,255,255
57750,-39.2179,-45.9601,43.9855,255,255,255
58000,-39.2882,-46.1337,43.9815,255,255,255
58250,-39.3551,-46.2991,43.9772,255,255,255
58500,-39.4188,-46.4563,43.9728,255,255,255
58750,-39.479,-46.605,43.9683,255,255,255
59000,-39.5358,-46.7453,43.9638,255,255,255
59250,-39.5892,-46.8769,43.9592,255,255,255
59500,-39.6391,-46.9997,43.9547,255,255,255
59750,-39.6855,-47.1136,43.9503,255,255,255
60000,-39.7282,-47.2183,43.946,255,255,255
60250,-39.7673,-47.3139,43.9419,255,255,255
60500,-39.8026,-47.4,43.9381,255,255,255
60750,-39.834,-47.4767,43.9347,255,255,255
61000,-39.8615,-47.5437,43.9317,255,255,255
61250,-39.8849,-47.6008,43.9292,255,255,255
61500,-39.9042,-47.6481,43.9273,255,255,255
61750,-39.9206,-47.6844,43.9347,255,255,255
62000,-39.9353,-47.7094,43.9572,255,255,255
62250,-39.9456,-47.7251,43.9765,255,255,255
62500,-39.9489,-47.7336,43.9737,255,255,255
62750,-39.9424,-47.737,43.9302,255,255,255
63000,-39.9234,-47.7375,43.827,255,255,255
63250,-39.8894,-47.737,43.6455,255,255,255
63500,-39.8386,-47.737,43.374,255,255,255
63750,-39.7728,-47.737,43.0219,255,255,255
64000,-39.6934,-47.737,42.598,255,255,255
64250,-39.6022,-47.737,42.1109,255,255,255
64500,-39.5007,-47.737,41.5689,255,255,255
64750,-39.3905,-47.737,40.9807,255,255,255
65000,-39.2733,-47.737,40.3548,255,255,255
65250,-39.1505,-47.737,39.6996,255,255,255
65500,-39.0239,-47.737,39.0238,255,255,255
65750,-38.895,-47.737,38.3358,255,255,255
66000,-38.7654,-47.737,37.6442,255,255,255
66250,-38.6367,-47.737,36.9575,255,255,255
66500,-38.5105,-47.737,36.2842,255,255,255
66750,-38.3884,-47.737,35.6329,255,255,255
67000,-38.272,-47.737,35.012,255,255,255
67250,-38.163,-47.737,34.4301,255,255,255
67500,-38.0628,-47.737,33.8957,255,255,255
67750,-37.9731,-47.737,33.4174,255,255,255
68000,-37.8956,-47.737,33.0036,255,255,255
68250,-37.8317,-47.737,32.6629,255,255,255
68500,-37.7831,-47.737,32.4038,255,255,255
68750,-37.7515,-47.737,32.2348,255,255,255
69000,-37.7383,-47.737,32.1645,255,255,255
69250,-37.738,-47.737,32.163,255,255,255
69500,-37.738,-47.737,32.163,255,255,255
69750,-37.7409,-47.7357,32.1561,255,255,255
70000,-37.7515,-47.7307,32.1297,255,255,255
70250,-37.7688,-47.7218,32.0838,255,255,255
70500,-37.7918,-47.709,32.0186,255,255,255
70750,-37.8194,-47.6923,31.9344,255,255,255
71000,-37.8505,-47.6715,31.8314,255,255,255
71250,-37.8841,-47.6467,31.7099,255,255,255
71500,-37.9191,-47.6178,31.5702,255,255,255
71750,-37.9544,-47.5847,31.4126,255,255,255
72000,-37.989,-47.5473,31.2372,255,255,255
72250,-38.0218,-47.5057,31.0443,255,255,255
72500,-38.0517,-47.4597,30.8342,255,255,255
72750,-38.0777,-47.4093,30.6072,255,255,255
73000,-38.0987,-47.3545,30.3635,255,255,255
73250,-38.1137,-47.2951,30.1033,255,255,255
73500,-38.1215,-47.2312,29.827,255,255,255
73750,-38.1191,-47.1625,29.5352,255,255,255
74000,-38.1028,-47.0879,29.2302,255,255,255
74250,-38.073,-47.0054,28.9138,255,255,255
74500,-38.0304,-46.9132,28.5879,255,255,255
74750,-37.9753,-46.8096,28.2547,255,255,255
75000,-37.9084,-46.6927,27.9159,255,255,255
75250,-37.8303,-46.5607,27.5735,255,255,255
75500,-37.7415,-46.4117,27.2295,255,255,255
75750,-37.6425,-46.2439,26.8858,255,255,255
76000,-37.5339,-46.0556,26.5444,255,255,255
76250,-37.4163,-45.8448,26.2073,255,255,255
76500,-37.2902,-45.6097,25.8762,255,255,255
76750,-37.1562,-45.3486,25.5533,255,255,255
77000,-37.0168,-45.0575,25.2416,255,255,255
77250,-36.8777,-44.7329,24.9448,255,255,255
77500,-36.743,-44.3767,24.6642,255,255,255
77750,-36.6165,-43.9908,24.4011,255,255,255
78000,-36.5021,-43.5769,24.1566,255,255,255
78250,-36.4036,-43.1371,23.932,255,255,255
78500,-36.3249,-42.6733,23.7287,255,255,255
78750,-36.2699,-42.1872,23.5477,255,255,255
79000,-36.2424,-41.6809,23.3904,255,255,255
79250,-36.2464,-41.1561,23.258,255,255,255
79500,-36.2855,-40.6149,23.1517,255,255,255
79750,-36.3638,-40.0591,23.0728,255,255,255
80000,-36.4851,-39.4906,23.0225,255,255,255
80250,-36.6543,-38.9145,23.0017,255,255,255
80500,-36.8737,-38.34,23.0089,255,255,255
80750,-37.1419,-37.772,23.0427,255,255,255
81000,-37.4568,-37.2148,23.1015,255,255,255
81250,-37.8169,-36.6732,23.1837,255,255,255
81500,-38.2201,-36.1518,23.2877,255,255,255
81750,-38.6649,-35.6551,23.4121,255,255,255
82000,-39.1493,-35.1877,23.5552,255,255,255
82250,-39.6716,-34.7542,23.7155,255,255,255
82500,-40.23,-34.3592,23.8914,255,255,255
82750,-40.8227,-34.0073,24.0814,255,255,255
83000,-41.4479,-33.7031,24.2839,255,255,255
83250,-42.1012,-33.4508,24.4966,255,255,255
83500,-42.7747,-33.2512,24.7167,255,255,255
83750,-43.464,-33.1034,24.942,255,255,255
84000,-44.165,-33.0063,25.1707,255,255,255
84250,-44.8736,-32.9591,25.4007,255,255,255
84500,-45.5854,-32.9606,25.63,255,255,255
84750,-46.2963,-33.0101,25.8568,255,255,255
85000,-47.0021,-33.1064,26.0789,255,255,255
85250,-47.6987,-33.2486,26.2945,255,255,255
85500,-48.3818,-33.4358,26.5016,255,255,255
85750,-49.0472,-33.6669,26.6982,255,255,255
86000,-49.6912,-33.9395,26.8819,255,255,255
86250,-50.3118,-34.2485,27.0511,255,255,255
86500,-50.9082,-34.5908,27.2053,255,255,255
86750,-51.4795,-34.9632,27.344,255,255,255
87000,-52.0248,-35.3627,27.4666,255,255,255
87250,-52.5432,-35.786,27.5726,255,255,255
87500,-53.0337,-36.2301,27.6615,255,255,255
87750,-53.4954,-36.6919,27.7329,255,255,255
88000,-53.9275,-37.1683,27.7861,255,255,255
88250,-54.329,-37.656,27.8208,255,255,255
88500,-54.699,-38.1521,27.8363,255,255,255
88750,-55.0386,-38.6522,27.8389,255,255,255
89000,-55.3519,-39.1524,27.8406,255,255,255
89250,-55.6398,-39.6509,27.8418,255,255,255
89500,-55.9036,-40.1465,27.8425,255,255,255
89750,-56.1441,-40.6377,27.8429,255,255,255
90000,-56.3625,-41.1229,27.8429,255,255,255
90250,-56.5598,-41.6009,27.8426,255,255,255
90500,-56.7371,-42.0701,27.8421,255,255,255
90750,-56.8954,-42.5292,27.8414,255,255,255
91000,-57.0358,-42.9765,27.8407,255,255,255
91250,-57.1592,-43.4108,27.8398,255,255,255
91500,-57.2668,-43.8306,27.839,255,255,255
91750,-57.3597,-44.2345,27.8383,255,255,255
92000,-57.4387,-44.6209,27.8376,255,255,255
92250,-57.5051,-44.9885,27.8372,255,255,255
92500,-57.5599,-45.3357,27.837,255,255,255
92750,-57.6047,-45.661,27.837,255,255,255
93000,-57.6415,-45.9628,27.837,255,255,255
93250,-57.6712,-46.2412,27.837,255,255,255
93500,-57.6945,-46.496,27.837,255,255,255
93750,-57.7121,-46.7272,27.837,255,255,255
94000,-57.7247,-46.9348,27.837,255,255,255
94250,-57.7331,-47.1187,27.837,255,255,255
94500,-57.7379,-47.2788,27.837,255,255,255
94750,-57.74,-47.415,27.837,255,255,255
95000,-57.74,-47.5274,27.837,255,255,255
95250,-57.7387,-47.6158,27.837,255,255,255
95500,-57.7368,-47.6802,27.837,255,255,255
95750,-57.735,-47.7205,27.837,255,255,255
96000,-57.734,-47.7367,27.837,255,255,255
96250,-57.734,-47.737,27.837,255,255,255
96500,-57.734,-47.737,27.837,255,255,255
96750,-57.734,-47.737,27.837,255,255,255
97000,-57.734,-47.737,27.837,255,255,255
97250,-57.734,-47.737,27.837,255,255,255
97500,-57.734,-47.737,27.837,255,255,255
97750,-57.734,-47.737,27.837,255,255,255
98000,-57.734,-47.737,27.837,255,255,255
98250,-57.734,-47.737,27.837,255,255,255
98500,-57.734,-47.737,27.837,255,255,255
98750,-57.734,-47.737,27.837,255,255,255
99000,-57.734,-47.737,27.837,255,255,255
99250,-57.734,-47.737,27.837,255,255,255
99500,-57.734,-47.737,27.837,255,255,255
99750,-57.734,-47.737,27.837,255,255,255
100000,-57.734,-47.737,27.837,255,255,255
100250,-57.734,-47.737,27.837,255,255,255
100500,-57.734,-47.737,27.837,255,255,255
100750,-57.734,-47.737,27.837,255,255,255
101000,-57.734,-47.737,27.837,255,255,255
101250,-57.734,-47.737,27.837,255,255,255
101500,-57.734,-47.737,27.837,255,255,255
101750,-57.734,-47.737,27.837,255,255,255
102000,-57.734,-47.737,27.837,255,255,255
102250,-57.734,-47.737,27.837,255,255,255
102500,-57.734,-47.737,27.837,255,255,255
102750,-57.734,-47.737,27.837,255,255,255
103000,-57.734,-47.737,27.837,255,255,255
103250,-57.734,-47.737,27.837,255,255,255
103500,-57.734,-47.737,27.837,255,255,255
103750,-57.734,-47.737,27.837,255,255,255
104000,-57.734,-47.737,27.837,255,255,255
104250,-57.734,-47.737,27.837,255,255,255
104500,-57.734,-47.737,27.837,255,255,255
104750,-57.734,-47.737,27.837,255,255,255
105000,-57.734,-47.737,27.837,255,255,255
105250,-57.734,-47.737,27.837,255,255,255
105500,-57.734,-47.737,27.837,255,255,255
105750,-57.734,-47.737,27.837,255,255,255
106000,-57.734,-47.737,27.837,255,255,255
106250,-57.734,-47.737,27.837,255,255,255
106500,-57.734,-47.737,27.837,255,255,255
106750,-57.734,-47.737,27.837,255,255,255
107000,-57.734,-47.737,27.837,255,255,255
107250,-57.734,-47.737,27.837,255,255,255
107500,-57.734,-47.737,27.837,255,255,255
107750,-57.734,-47.737,27.837,255,255,255
108000,-57.734,-47.737,27.837,255,255,255
108250,-57.734,-47.737,27.837,255,255,255
108500,-57.734,-47.737,27.837,255,255,255
108750,-57.734,-47.737,27.837,255,255,255
109000,-57.734,-47.737,27.837,255,255,255
109250,-57.734,-47.737,27.837,255,255,255
109500,-57.734,-47.737,27.837,255,255,255
109750,-57.734,-47.737,27.837,255,255,255
110000,-57.734,-47.737,27.837,255,255,255
110250,-57.734,-47.737,27.837,255,255,255
110500,-57.734,-47.737,27.837,255,255,255
110750,-57.734,-47.737,27.837,255,255,255
111000,-57.734,-47.737,27.837,255,255,255
111250,-57.734,-47.737,27.837,255,255,255
111500,-57.734,-47.737,27.837,255,255,255
111750,-57.734,-47.737,27.837,255,255,255
112000,-57.734,-47.737,27.837,255,255,255
112250,-57.734,-47.737,27.837,255,255,255
112500,-57.734,-47.737,27.837,255,255,255
112750,-57.734,-47.737,27.837,255,255,255
113000,-57.734,-47.737,27.837,255,255,255
113250,-57.734,-47.737,27.837,255,255,255
113500,-57.734,-47.737,27.837,255,255,255
113750,-57.734,-47.737,27.837,255,255,255
114000,-57.734,-47.737,27.837,255,255,255
114250,-57.734,-47.737,27.837,255,255,255
114500,-57.734,-47.737,27.837,255,255,255
114750,-57.734,-47.737,27.837,255,255,255
115000,-57.734,-47.737,27.837,255,255,255
115250,-57.734,-47.737,27.837,255,255,255
115500,-57.734,-47.737,27.837,255,255,255
115750,-57.734,-47.737,27.837,255,255,255
116000,-57.734,-47.737,27.837,255,255,255
116250,-57.734,-47.737,27.837,255,255,255
116500,-57.734,-47.737,27.837,255,255,255
116750,-57.734,-47.737,27.837,255,255,255
117000,-57.734,-47.737,27.837,255,255,255
117250,-57.734,-47.737,27.837,255,255,255
117500,-57.734,-47.737,27.837,255,255,255
117750,-57.734,-47.737,27.837,255,255,255
118000,-57.734,-47.737,27.837,255,255,255
118250,-57.734,-47.737,27.837,255,255,255
118500,-57.734,-47.737,27.837,255,255,255
118750,-57.734,-47.737,27.837,255,255,255
119000,-57.734,-47.737,27.837,255,255,255
119250,-57.734,-47.737,27.837,255,255,255
119500,-57.734,-47.737,27.837,255,255,255
119750,-57.734,-47.737,27.837,255,255,255
120000,-57.734,-47.737,27.837,255,255,255
120250,-57.734,-47.737,27.837,255,255,255
120500,-57.734,-47.737,27.837,255,255,255
120750,-57.734,-47.737,27.837,255,255,255
121000,-57.734,-47.737,27.837,255,255,255
121250,-57.734,-47.737,27.837,255,255,255
121500,-57.734,-47.737,27.837,255,255,255
121750,-57.734,-47.737,27.837,255,255,255
122000,-57.734,-47.737,27.837,255,255,255
122250,-57.734,-47.737,27.837,255,255,255
122500,-57.734,-47.737,27.837,255,255,255
122750,-57.734,-47.737,27.837,255,255,255
123000,-57.734,-47.737,27.837,255,255,255
123250,-57.734,-47.737,27.837,255,255,255
123500,-57.734,-47.737,27.837,255,255,255
123750,-57.734,-47.737,27.837,255,255,255
124000,-57.734,-47.737,27.837,255,255,255
124250,-57.734,-47.737,27.837,255,255,255
124500,-57.734,-47.737,27.837,255,255,255
124750,-57.734,-47.737,27.837,255,255,255
125000,-57.734,-47.737,27.837,255,255,255
125250,-57.734,-47.737,27.837,255,255,255
125500,-57.734,-47.737,27.837,255,255,255
125750,-57.734,-47.737,27.837,255,255,255
126000,-57.734,-47.737,27.837,255,255,255
126250,-57.734,-47.737,27.837,255,255,255
126500,-57.734,-47.737,27.837,255,255,255
126750,-57.734,-47.737,27.837,255,255,255
127000,-57.734,-47.737,27.837,255,255,255
127250,-57.734,-47.737,27.837,255,255,255
127500,-57.734,-47.737,27.837,255,255,255
127750,-57.734,-47.737,27.837,255,255,255
128000,-57.734,-47.737,27.837,255,255,255
128250,-57.734,-47.737,27.837,255,255,255
128500,-57.734,-47.737,27.837,255,255,255
128750,-57.734,-47.737,27.837,255,255,255
129000,-57.734,-47.737,27.837,255,255,255
129250,-57.734,-47.737,27.837,255,255,255
129500,-57.734,-47.737,27.837,255,255,255
129750,-57.734,-47.737,27.837,255,255,255
130000,-57.734,-47.737,27.837,255,255,255
130250,-57.734,-47.737,27.837,255,255,255
130500,-57.734,-47.737,27.837,255,255,255
130750,-57.734,-47.737,27.837,255,255,255
131000,-57.734,-47.737,27.837,255,255,255
131250,-57.734,-47.737,27.837,255,255,255
131500,-57.734,-47.737,27.837,255,255,255
131750,-57.734,-47.737,27.837,255,255,255
132000,-57.734,-47.737,27.837,255,255,255
132250,-57.734,-47.737,27.837,255,255,255
132500,-57.734,-47.737,27.837,255,255,255
132750,-57.734,-47.737,27.837,255,255,255
133000,-57.734,-47.737,27.837,255,255,255
133250,-57.734,-47.737,27.837,255,255,255
133500,-57.734,-47.737,27.837,255,255,255
133750,-57.734,-47.737,27.837,255,255,255
134000,-57.734,-47.737,27.837,255,255,255
134250,-57.734,-47.737,27.837,255,255,255
134500,-57.734,-47.737,27.837,255,255,255
134750,-57.734,-47.737,27.837,255,255,255
135000,-57.734,-47.737,27.837,255,255,255
135250,-57.734,-47.737,27.837,255,255,255
135500,-57.734,-47.737,27.837,255,255,255
135750,-57.734,-47.737,27.837,255,255,255
136000,-57.734,-47.737,27.837,255,255,255
136250,-57.734,-47.737,27.837,255,255,255
136500,-57.734,-47.737,27.837,255,255,255
136750,-57.734,-47.737,27.837,255,255,255
137000,-57.734,-47.737,27.837,255,255,255
137250,-57.734,-47.737,27.837,255,255,255
137500,-57.734,-47.737,27.837,255,255,255
137750,-57.734,-47.737,27.837,255,255,255
138000,-57.734,-47.737,27.837,255,255,255
138250,-57.734,-47.737,27.837,255,255,255
138500,-57.734,-47.737,27.837,255,255,255
138750,-57.734,-47.737,27.837,255,255,255
139000,-57.734,-47.737,27.837,255,255,255
139250,-57.734,-47.737,27.837,255,255,255
139500,-57.734,-47.737,27.837,255,255,255
139750,-57.734,-47.737,27.837,255,255,255
140000,-57.734,-47.737,27.837,255,255,255
140250,-57.734,-47.737,27.837,255,255,255
140500,-57.734,-47.737,27.837,255,255,255
140750,-57.734,-47.737,27.837,255,255,255
141000,-57.734,-47.737,27.837,255,255,255
141250,-57.734,-47.737,27.837,255,255,255
141500,-57.734,-47.737,27.837,255,255,255
141750,-57.734,-47.737,27.837,255,255,255
142000,-57.734,-47.737,27.837,255,255,255
142250,-57.734,-47.737,27.837,255,255,255
142500,-57.734,-47.737,27.837,255,255,255
142750,-57.734,-47.737,27.837,255,255,255
143000,-57.734,-47.737,27.837,255,255,255
143250,-57.734,-47.737,27.837,255,255,255
143500,-57.734,-47.737,27.837,255,255,255
143750,-57.734,-47.737,27.837,255,255,255
144000,-57.734,-47.737,27.837,255,255,255
144250,-57.734,-47.737,27.837,255,255,255
144500,-57.734,-47.737,27.837,255,255,255
144750,-57.734,-47.737,27.837,255,255,255
145000,-57.734,-47.737,27.837,255,255,255
145250,-57.734,-47.737,27.837,255,255,255
145500,-57.734,-47.737,27.837,255,255,255
145750,-57.734,-47.737,27.837,255,255,255
146000,-57.734,-47.737,27.837,255,255,255
146250,-57.734,-47.737,27.837,255,255,255
146500,-57.734,-47.737,27.837,255,255,255
146750,-57.734,-47.737,27.837,255,255,255
147000,-57.734,-47.737,27.837,255,255,255
147250,-57.734,-47.737,27.837,255,255,255
147500,-57.734,-47.737,27.837,255,255,255
147750,-57.734,-47.737,27.837,255,255,255
148000,-57.734,-47.737,27.837,255,255,255
148250,-57.734,-47.737,27.837,255,255,255
148500,-57.734,-47.737,27.837,255,255,255
148750,-57.734,-47.737,27.837,255,255,255
149000,-57.734,-47.737,27.837,255,255,255
149250,-57.734,-47.737,27.837,255,255,255
149500,-57.734,-47.737,27.837,255,255,255
149750,-57.734,-47.737,27.837,255,255,255
150000,-57.734,-47.737,27.837,255,255,255
150250,-57.734,-47.737,27.837,255,255,255
150500,-57.734,-47.737,27.837,255,255,255
150750,-57.734,-47.737,27.837,255,255,255
151000,-57.734,-47.737,27.837,255,255,255
151250,-57.734,-47.737,27.837,255,255,255
151500,-57.734,-47.737,27.837,255,255,255
151750,-57.734,-47.737,27.837,255,255,255
152000,-57.734,-47.737,27.837,255,255,255
152250,-57.734,-47.737,27.837,255,255,255
152500,-57.734,-47.737,27.837,255,255,255
152750,-57.734,-47.737,27.837,255,255,255
153000,-57.734,-47.737,27.837,255,255,255
153250,-57.734,-47.737,27.837,255,255,255
153500,-57.734,-47.737,27.837,255,255,255
153750,-57.734,-47.737,27.837,255,255,255
154000,-57.734,-47.737,27.837,255,255,255
154250,-57.734,-47.737,27.837,255,255,255
154500,-57.734,-47.737,27.837,255,255,255
154750,-57.734,-47.737,27.837,255,255,255
155000,-57.734,-47.737,27.837,255,255,255
155250,-57.734,-47.737,27.837,255,255,255
155500,-57.734,-47.737,27.837,255,255,255
155750,-57.734,-47.737,27.837,255,255,255
156000,-57.734,-47.737,27.837,255,255,255
156250,-57.734,-47.737,27.837,255,255,255
156500,-57.734,-47.737,27.837,255,255,255
156750,-57.734,-47.737,27.837,255,255,255
157000,-57.734,-47.737,27.837,255,255,255
157250,-57.734,-47.737,27.837,255,255,255
157500,-57.734,-47.737,27.837,255,255,255
157750,-57.734,-47.737,27.837,255,255,255
158000,-57.734,-47.737,27.837,255,255,255
158250,-57.734,-47.737,27.837,255,255,255
158500,-57.734,-47.737,27.837,255,255,255
158750,-57.734,-47.737,27.837,255,255,255
159000,-57.734,-47.737,27.837,255,255,255
159250,-57.734,-47.737,27.837,255,255,255
159500,-57.734,-47.737,27.837,255,255,255
159750,-57.734,-47.737,27.837,255,255,255
160000,-57.734,-47.737,27.837,255,255,255
160250,-57.734,-47.737,27.837,255,255,255
160500,-57.734,-47.737,27.837,255,255,255
160750,-57.734,-47.737,27.837,255,255,255
161000,-57.734,-47.737,27.837,255,255,255
161250,-57.734,-47.737,27.837,255,255,255
161500,-57.734,-47.737,27.837,255,255,255
161750,-57.734,-47.737,27.837,255,255,255
162000,-57.734,-47.737,27.837,255,255,255
162250,-57.734,-47.737,27.837,255,255,255
162500,-57.734,-47.737,27.837,255,255,255
162750,-57.734,-47.737,27.837,255,255,255
163000,-57.734,-47.737,27.837,255,255,255
163250,-57.734,-47.737,27.837,255,255,255
163500,-57.734,-47.737,27.837,255,255,255
163750,-57.734,-47.737,27.837,255,255,255
164000,-57.734,-47.737,27.837,255,255,255
164250,-57.734,-47.737,27.837,255,255,255
164500,-57.734,-47.737,27.837,255,255,255
164750,-57.734,-47.737,27.837,255,255,255
165000,-57.734,-47.737,27.837,255,255,255
165250,-57.734,-47.737,27.837,255,255,255
165500,-57.734,-47.737,27.837,255,255,255
165750,-57.734,-47.737,27.837,255,255,255
166000,-57.734,-47.737,27.837,255,255,255
166250,-57.734,-47.737,27.837,255,255,255
166500,-57.734,-47.737,27.837,255,255,255
166750,-57.734,-47.737,27.837,255,255,255
167000,-57.734,-47.737,27.837,255,255,255
167250,-57.734,-47.737,27.837,255,255,255
167500,-57.734,-47.737,27.837,255,255,255
167750,-57.734,-47.737,27.837,255,255,255
168000,-57.734,-47.737,27.837,255,255,255
168250,-57.734,-47.737,27.837,255,255,255
168500,-57.734,-47.737,27.837,255,255,255
168750,-57.734,-47.737,27.837,255,255,255
169000,-57.734,-47.737,27.837,255,255,255
169250,-57.734,-47.737,27.837,255,255,255
169500,-57.734,-47.737,27.837,255,255,255
169750,-57.734,-47.737,27.837,255,255,255
170000,-57.734,-47.737,27.837,255,255,255
170250,-57.734,-47.737,27.837,255,255,255
170500,-57.734,-47.737,27.837,255,255,255
170750,-57.734,-47.737,27.837,255,255,255
171000,-57.734,-47.737,27.837,255,255,255
171250,-57.734,-47.737,27.837,255,255,255
171500,-57.734,-47.737,27.837,255,255,255
171750,-57.734,-47.737,27.837,255,255,255
172000,-57.734,-47.737,27.837,255,255,255
172250,-57.734,-47.737,27.837,255,255,255
172500,-57.734,-47.737,27.837,255,255,255
172750,-57.734,-47.737,27.837,255,255,255
173000,-57.734,-47.737,27.837,255,255,255
173250,-57.734,-47.737,27.837,255,255,255
173500,-57.734,-47.737,27.837,255,255,255
173750,-57.734,-47.737,27.837,255,255,255
174000,-57.734,-47.737,27.837,255,255,255
174250,-57.734,-47.737,27.837,255,255,255
174500,-57.734,-47.737,27.837,255,255,255
174750,-57.734,-47.737,27.837,255,255,255
175000,-57.734,-47.737,27.837,255,255,255
175250,-57.734,-47.737,27.837,255,255,255
175500,-57.734,-47.737,27.837,255,255,255
175750,-57.734,-47.737,27.837,255,255,255
176000,-57.734,-47.737,27.837,255,255,255
176250,-57.734,-47.737,27.837,255,255,255
176500,-57.734,-47.737,27.837,255,255,255
176750,-57.734,-47.737,27.837,255,255,255
177000,-57.734,-47.737,27.837,255,255,255
177250,-57.734,-47.737,27.837,255,255,255
177500,-57.734,-47.737,27.837,255,255,255
177750,-57.734,-47.737,27.837,255,255,255
178000,-57.734,-47.737,27.837,255,255,255
178250,-57.734,-47.737,27.837,255,255,255
178500,-57.734,-47.737,27.837,255,255,255
178750,-57.734,-47.737,27.837,255,255,255
179000,-57.734,-47.737,27.837,255,255,255
179250,-57.734,-47.737,27.837,255,255,255
179500,-57.734,-47.737,27.837,255,255,255
179750,-57.734,-47.737,27.837,255,255,255
180000,-57.734,-47.737,27.837,255,255,255
180250,-57.734,-47.737,27.837,255,255,255
180500,-57.734,-47.737,27.837,255,255,255
180750,-57.734,-47.737,27.837,255,255,255
181000,-57.734,-47.737,27.837,255,255,255
181250,-57.734,-47.737,27.837,255,255,255
181500,-57.734,-47.737,27.837,255,255,255
181750,-57.734,-47.737,27.837,255,255,255
182000,-57.734,-47.737,27.837,255,255,255
182250,-57.734,-47.737,27.837,255,255,255
182500,-57.734,-47.737,27.837,255,255,255
182750,-57.734,-47.737,27.837,255,255,255
183000,-57.734,-47.737,27.837,255,255,255
183250,-57.734,-47.737,27.837,255,255,255
183500,-57.734,-47.737,27.837,255,255,255
183750,-57.734,-47.737,27.837,255,255,255
184000,-57.734,-47.737,27.837,255,255,255
184250,-57.734,-47.737,27.837,255,255,255
184500,-57.734,-47.737,27.837,255,255,255
184750,-57.734,-47.737,27.837,255,255,255
185000,-57.734,-47.737,27.837,255,255,255
185250,-57.734,-47.737,27.837,255,255,255
185500,-57.734,-47.737,27.837,255,255,255
185750,-57.734,-47.737,27.837,255,255,255
186000,-57.734,-47.737,27.837,255,255,255
186250,-57.734,-47.737,27.837,255,255,255
186500,-57.734,-47.737,27.837,255,255,255
186750,-57.734,-47.737,27.837,255,255,255
187000,-57.734,-47.737,27.837,255,255,255
187250,-57.734,-47.737,27.837,255,255,255
187500,-57.734,-47.737,27.837,255,255,255
187750,-57.734,-47.737,27.837,255,255,255
188000,-57.734,-47.737,27.837,255,255,255
188250,-57.734,-47.737,27.837,255,255,255
188500,-57.734,-47.737,27.837,255,255,255
188750,-57.734,-47.737,27.837,255,255,255
189000,-57.734,-47.737,27.837,255,255,255
189250,-57.734,-47.737,27.837,255,255,255
189500,-57.734,-47.737,27.837,255,255,255
189750,-57.734,-47.737,27.837,255,255,255
190000,-57.734,-47.737,27.837,255,255,255
190250,-57.734,-47.737,27.837,255,255,255
190500,-57.734,-47.737,27.837,255,255,255
190750,-57.734,-47.737,27.837,255,255,255
191000,-57.734,-47.737,27.837,255,255,255
191250,-57.734,-47.737,27.837,255,255,255
191500,-57.734,-47.737,27.837,255,255,255
191750,-57.734,-47.737,27.837,255,255,255
192000,-57.734,-47.737,27.837,255,255,255
192250,-57.734,-47.737,27.837,255,255,255
192500,-57.734,-47.737,27.837,255,255,255
192750,-57.734,-47.737,27.837,255,255,255
193000,-57.734,-47.737,27.837,255,255,255
193250,-57.734,-47.737,27.837,255,255,255
193500,-57.734,-47.737,27.837,255,255,255
193750,-57.734,-47.737,27.837,255,255,255
194000,-57.734,-47.737,27.837,255,255,255
194250,-57.734,-47.737,27.837,255,255,255
194500,-57.734,-47.737,27.837,255,255,255
194750,-57.734,-47.737,27.837,255,255,255
195000,-57.734,-47.737,27.837,255,255,255
195250,-57.734,-47.737,27.837,255,255,255
195500,-57.734,-47.737,27.837,255,255,255
195750,-57.734,-47.737,27.837,255,255,255
196000,-57.734,-47.737,27.837,255,255,255
196250,-57.734,-47.737,27.837,255,255,255
196500,-57.734,-47.737,27.837,255,255,255
196750,-57.734,-47.737,27.837,255,255,255
197000,-57.734,-47.737,27.837,255,255,255
197250,-57.734,-47.737,27.837,255,255,255
197500,-57.734,-47.737,27.837,255,255,255
197750,-57.734,-47.737,27.837,255,255,255
198000,-57.734,-47.737,27.837,255,255,255
198250,-57.734,-47.737,27.837,255,255,255
198500,-57.734,-47.737,27.837,255,255,255
198750,-57.734,-47.737,27.837,255,255,255
199000,-57.734,-47.737,27.837,255,255,255
199250,-57.734,-47.737,27.837,255,255,255
199500,-57.734,-47.737,27.837,255,255,255
199750,-57.734,-47.737,27.837,255,255,255
200000,-57.734,-47.737,27.837,255,255,255
200250,-57.734,-47.737,27.837,255,255,255
200500,-57.734,-47.737,27.837,255,255,255
200750,-57.734,-47.737,27.837,255,255,255
201000,-57.734,-47.737,27.837,255,255,255
201250,-57.734,-47.737,27.837,255,255,255
201500,-57.734,-47.737,27.837,255,255,255
201750,-57.734,-47.737,27.837,255,255,255
202000,-57.734,-47.737,27.837,255,255,255
202250,-57.734,-47.737,27.837,255,255,255
202500,-57.734,-47.737,27.837,255,255,255
202750,-57.734,-47.737,27.837,255,255,255
203000,-57.734,-47.737,27.837,255,255,255
203250,-57.734,-47.737,27.837,255,255,255
203500,-57.734,-47.737,27.837,255,255,255
203750,-57.734,-47.737,27.837,255,255,255
204000,-57.734,-47.737,27.837,255,255,255
204250,-57.734,-47.737,27.837,255,255,255
204500,-57.734,-47.737,27.837,255,255,255
204750,-57.734,-47.737,27.837,255,255,255
205000,-57.734,-47.737,27.837,255,255,255
205250,-57.734,-47.737,27.837,255,255,255
205500,-57.734,-47.737,27.837,255,255,255
205750,-57.734,-47.737,27.837,255,255,255
206000,-57.734,-47.737,27.837,255,255,255
206250,-57.734,-47.737,27.837,255,255,255
206500,-57.734,-47.737,27.837,255,255,255
206750,-57.734,-47.737,27.837,255,255,255
207000,-57.734,-47.737,27.837,255,255,255
207250,-57.734,-47.737,27.837,255,255,255
207500,-57.734,-47.737,27.837,255,255,255
207750,-57.734,-47.737,27.837,255,255,255
208000,-57.734,-47.737,27.837,255,255,255
208250,-57.734,-47.737,27.837,255,255,255
208500,-57.734,-47.737,27.837,255,255,255
208750,-57.734,-47.737,27.837,255,255,255
209000,-57.734,-47.737,27.837,255,255,255
209250,-57.734,-47.737,27.837,255,255,255
209500,-57.734,-47.737,27.837,255,255,255
209750,-57.734,-47.737,27.837,255,255,255
210000,-57.734,-47.737,27.837,255,255,255
210250,-57.734,-47.737,27.837,255,255,255
210500,-57.734,-47.737,27.837,255,255,255
210750,-57.734,-47.737,27.837,255,255,255
211000,-57.734,-47.737,27.837,255,255,255
211250,-57.734,-47.737,27.837,255,255,255
211500,-57.734,-47.737,27.837,255,255,255
211750,-57.734,-47.737,27.837,255,255,255
212000,-57.734,-47.737,27.837,255,255,255
212250,-57.734,-47.737,27.837,255,255,255
212500,-57.734,-47.737,27.837,255,255,255
212750,-57.734,-47.737,27.837,255,255,255
213000,-57.734,-47.737,27.837,255,255,255
213250,-57.734,-47.737,27.837,255,255,255
213500,-57.734,-47.737,27.837,255,255,255
213750,-57.734,-47.737,27.837,255,255,255
214000,-57.734,-47.737,27.837,255,255,255
214250,-57.734,-47.737,27.837,255,255,255
214500,-57.734,-47.737,27.837,255,255,255
214750,-57.734,-47.737,27.837,255,255,255
215000,-57.734,-47.737,27.837,255,255,255
215250,-57.734,-47.737,27.837,255,255,255
215500,-57.734,-47.737,27.837,255,255,255
215750,-57.734,-47.737,27.837,255,255,255
216000,-57.734,-47.737,27.837,255,255,255
216250,-57.734,-47.737,27.837,255,255,255
216500,-57.734,-47.737,27.837,255,255,255
216750,-57.734,-47.737,27.837,255,255,255
217000,-57.734,-47.737,27.837,255,255,255
217250,-57.734,-47.737,27.837,255,255,255
217500,-57.734,-47.737,27.837,255,255,255
217750,-57.734,-47.737,27.837,255,255,255
218000,-57.734,-47.737,27.837,255,255,255
218250,-57.734,-47.737,27.837,255,255,255
218500,-57.734,-47.737,27.837,255,255,255
218750,-57.734,-47.737,27.837,255,255,255
219000,-57.734,-47.737,27.837,255,255,255
219250,-57.734,-47.737,27.837,255,255,255
219500,-57.734,-47.737,27.837,255,255,255
219750,-57.734,-47.737,27.837,255,255,255
220000,-57.734,-47.737,27.837,255,255,255
220250,-57.734,-47.737,27.837,255,255,255
220500,-57.734,-47.737,27.837,255,255,255
220750,-57.734,-47.737,27.837,255,255,255
221000,-57.734,-47.737,27.837,255,255,255
221250,-57.734,-47.737,27.837,255,255,255
221500,-57.734,-47.737,27.837,255,255,255
221750,-57.734,-47.737,27.837,255,255,255
222000,-57.734,-47.737,27.837,255,255,255
222250,-57.734,-47.737,27.837,255,255,255
222500,-57.734,-47.737,27.837,255,255,255
222750,-57.734,-47.737,27.837,255,255,255
223000,-57.734,-47.737,27.837,255,255,255
223250,-57.734,-47.737,27.837,255,255,255
223500,-57.734,-47.737,27.837,255,255,255
223750,-57.734,-47.737,27.837,255,255,255
224000,-57.734,-47.737,27.837,255,255,255
224250,-57.734,-47.737,27.837,255,255,255
224500,-57.734,-47.737,27.837,255,255,255
224750,-57.734,-47.737,27.837,255,255,255
225000,-57.734,-47.737,27.837,255,255,255
225250,-57.734,-47.737,27.837,255,255,255
225500,-57.734,-47.737,27.837,255,255,255
225750,-57.734,-47.737,27.837,255,255,255
226000,-57.734,-47.737,27.837,255,255,255
226250,-57.734,-47.737,27.837,255,255,255
226500,-57.734,-47.737,27.837,255,255,255
226750,-57.734,-47.737,27.837,255,255,255
227000,-57.734,-47.737,27.837,255,255,255
227250,-57.734,-47.737,27.837,255,255,255
227500,-57.734,-47.737,27.837,255,255,255
227750,-57.734,-47.737,27.837,255,255,255
228000,-57.734,-47.737,27.837,255,255,255
228250,-57.734,-47.737,27.837,255,255,255
228500,-57.734,-47.737,27.837,255,255,255
228750,-57.734,-47.737,27.837,255,255,255
229000,-57.734,-47.737,27.837,255,255,255
229250,-57.734,-47.737,27.837,255,255,255
229500,-57.734,-47.737,27.837,255,255,255
229750,-57.734,-47.737,27.837,255,255,255
230000,-57.734,-47.737,27.837,255,255,255
230250,-57.734,-47.737,27.837,255,255,255
230500,-57.734,-47.737,27.837,255,255,255
230750,-57.734,-47.737,27.837,255,255,255
231000,-57.734,-47.737,27.837,255,255,255
231250,-57.734,-47.737,27.837,255,255,255
231500,-57.734,-47.737,27.837,255,255,255
231750,-57.734,-47.737,27.837,255,255,255
232000,-57.734,-47.737,27.837,255,255,255
232250,-57.734,-47.737,27.837,255,255,255
232500,-57.734,-47.737,27.837,255,255,255
232750,-57.734,-47.737,27.837,255,255,255
233000,-57.734,-47.737,27.837,255,255,255
233250,-57.734,-47.737,27.837,255,255,255
233500,-57.734,-47.737,27.837,255,255,255
233750,-57.734,-47.737,27.837,255,255,255
234000,-57.734,-47.737,27.837,255,255,255
234250,-57.734,-47.737,27.837,255,255,255
234500,-57.734,-47.737,27.837,255,255,255
234750,-57.734,-47.737,27.837,255,255,255
235000,-57.734,-47.737,27.837,255,255,255
235250,-57.734,-47.737,27.837,255,255,255
235500,-57.734,-47.737,27.837,255,255,255
235750,-57.734,-47.737,27.837,255,255,255
236000,-57.734,-47.737,27.837,255,255,255
236250,-57.734,-47.737,27.837,255,255,255
236500,-57.734,-47.737,27.837,255,255,255
236750,-57.734,-47.737,27.837,255,255,255
237000,-57.734,-47.737,27.837,255,255,255
237250,-57.734,-47.737,27.837,255,255,255
237500,-57.734,-47.737,27.837,255,255,255
237750,-57.734,-47.737,27.837,255,255,255
238000,-57.734,-47.737,27.837,255,255,255
238250,-57.734,-47.737,27.837,255,255,255
238500,-57.734,-47.737,27.837,255,255,255
238750,-57.734,-47.737,27.837,255,255,255
239000,-57.734,-47.737,27.837,255,255,255
239250,-57.734,-47.737,27.837,255,255,255
239500,-57.734,-47.737,27.837,255,255,255
239750,-57.734,-47.737,27.837,255,255,255
240000,-57.734,-47.737,27.837,255,255,255
240250,-57.734,-47.737,27.837,255,255,255
240500,-57.734,-47.737,27.837,255,255,255
240750,-57.734,-47.737,27.837,255,255,255
241000,-57.734,-47.737,27.837,255,255,255
241250,-57.734,-47.737,27.837,255,255,255
241500,-57.734,-47.737,27.837,255,255,255
241750,-57.734,-47.737,27.837,255,255,255
242000,-57.734,-47.737,27.837,255,255,255
242250,-57.734,-47.737,27.837,255,255,255
242500,-57.734,-47.737,27.837,255,255,255
242750,-57.734,-47.737,27.837,255,255,255
243000,-57.734,-47.737,27.837,255,255,255
243250,-57.734,-47.737,27.837,255,255,255
243500,-57.734,-47.737,27.837,255,255,255
243750,-57.734,-47.737,27.837,255,255,255
244000,-57.734,-47.737,27.837,255,255,255
244250,-57.734,-47.737,27.837,255,255,255
244500,-57.734,-47.737,27.837,255,255,255
244750,-57.734,-47.737,27.837,255,255,255
245000,-57.734,-47.737,27.837,255,255,255
245250,-57.734,-47.737,27.837,255,255,255
245500,-57.734,-47.737,27.837,255,255,255
245750,-57.734,-47.737,27.837,255,255,255
246000,-57.734,-47.737,27.837,255,255,255
246250,-57.734,-47.737,27.837,255,255,255
246500,-57.734,-47.737,27.837,255,255,255
246750,-57.734,-47.737,27.837,255,255,255
247000,-57.734,-47.737,27.837,255,255,255
247250,-57.734,-47.737,27.837,255,255,255
247500,-57.734,-47.737,27.837,255,255,255
247750,-57.734,-47.737,27.837,255,255,255
248000,-57.734,-47.737,27.837,255,255,255
248250,-57.734,-47.737,27.837,255,255,255
248500,-57.734,-47.737,27.837,255,255,255
248750,-57.734,-47.737,27.837,255,255,255
249000,-57.734,-47.737,27.837,255,255,255
249250,-57.734,-47.737,27.837,255,255,255
249500,-57.734,-47.737,27.837,255,255,255
249750,-57.734,-47.737,27.837,255,255,255
250000,-57.734,-47.737,27.837,255,255,255
250250,-57.734,-47.737,27.837,255,255,255
250500,-57.734,-47.737,27.837,255,255,255
250750,-57.734,-47.737,27.837,255,255,255
251000,-57.734,-47.737,27.837,255,255,255
251250,-57.734,-47.737,27.837,255,255,255
251500,-57.734,-47.737,27.837,255,255,255
251750,-57.734,-47.737,27.837,255,255,255
252000,-57.734,-47.737,27.837,255,255,255
252250,-57.734,-47.737,27.837,255,255,255
252500,-57.734,-47.737,27.837,255,255,255
252750,-57.734,-47.737,27.837,255,255,255
253000,-57.734,-47.737,27.837,255,255,255
253250,-57.734,-47.737,27.837,255,255,255
253500,-57.734,-47.737,27.837,255,255,255
253750,-57.734,-47.737,27.837,255,255,255
254000,-57.734,-47.737,27.837,255,255,255
254250,-57.734,-47.737,27.837,255,255,255
254500,-57.734,-47.737,27.837,255,255,255
254750,-57.734,-47.737,27.837,255,255,255
255000,-57.734,-47.737,27.837,255,255,255
255250,-57.734,-47.737,27.837,255,255,255
255500,-57.734,-47.737,27.837,255,255,255
255750,-57.734,-47.737,27.837,255,255,255
256000,-57.734,-47.737,27.837,255,255,255
256250,-57.734,-47.737,27.837,255,255,255
256500,-57.734,-47.737,27.837,255,255,255
256750,-57.734,-47.737,27.837,255,255,255
257000,-57.734,-47.737,27.837,255,255,255
257250,-57.734,-47.737,27.837,255,255,255
257500,-57.734,-47.737,27.837,255,255,255
257750,-57.734,-47.737,27.837,255,255,255
258000,-57.734,-47.737,27.837,255,255,255
258250,-57.734,-47.737,27.837,255,255,255
258500,-57.734,-47.737,27.837,255,255,255
258750,-57.734,-47.737,27.837,255,255,255
259000,-57.734,-47.737,27.837,255,255,255
259250,-57.734,-47.737,27.837,255,255,255
259500,-57.734,-47.737,27.837,255,255,255
259750,-57.734,-47.737,27.837,255,255,255
260000,-57.734,-47.737,27.837,255,255,255
260250,-57.734,-47.737,27.837,255,255,255
260500,-57.734,-47.737,27.837,255,255,255
260750,-57.734,-47.737,27.837,255,255,255
261000,-57.734,-47.737,27.837,255,255,255
261250,-57.734,-47.737,27.837,255,255,255
261500,-57.734,-47.737,27.837,255,255,255
261750,-57.734,-47.737,27.837,255,255,255
262000,-57.734,-47.737,27.837,255,255,255
262250,-57.734,-47.737,27.837,255,255,255
262500,-57.734,-47.737,27.837,255,255,255
262750,-57.734,-47.737,27.837,255,255,255
263000,-57.734,-47.737,27.837,255,255,255
263250,-57.734,-47.737,27.837,255,255,255
263500,-57.734,-47.737,27.837,255,255,255
263750,-57.734,-47.737,27.837,255,255,255
264000,-57.734,-47.737,27.837,255,255,255
264250,-57.734,-47.737,27.837,255,255,255
264500,-57.734,-47.737,27.837,255,255,255
264750,-57.734,-47.737,27.837,255,255,255
265000,-57.734,-47.737,27.837,255,255,255
265250,-57.734,-47.737,27.837,255,255,255
265500,-57.734,-47.737,27.837,255,255,255
265750,-57.734,-47.737,27.837,255,255,255
266000,-57.734,-47.737,27.837,255,255,255
266250,-57.734,-47.737,27.837,255,255,255
266500,-57.734,-47.737,27.837,255,255,255
266750,-57.734,-47.737,27.837,255,255,255
267000,-57.734,-47.737,27.837,255,255,255
267250,-57.734,-47.737,27.837,255,255,255
267500,-57.734,-47.737,27.837,255,255,255
267750,-57.734,-47.737,27.837,255,255,255
268000,-57.734,-47.737,27.837,255,255,255
268250,-57.734,-47.737,27.837,255,255,255
268500,-57.734,-47.737,27.837,255,255,255
268750,-57.734,-47.737,27.837,255,255,255
269000,-57.734,-47.737,27.837,255,255,255
269250,-57.734,-47.737,27.837,255,255,255
269500,-57.734,-47.737,27.837,255,255,255
269750,-57.734,-47.737,27.837,255,255,255
270000,-57.734,-47.737,27.837,255,255,255
270250,-57.734,-47.737,27.837,255,255,255
270500,-57.734,-47.737,27.837,255,255,255
270750,-57.734,-47.737,27.837,255,255,255
271000,-57.734,-47.737,27.837,255,255,255
271250,-57.734,-47.737,27.837,255,255,255
271500,-57.734,-47.737,27.837,255,255,255
271750,-57.734,-47.737,27.837,255,255,255
272000,-57.734,-47.737,27.837,255,255,255
272250,-57.734,-47.737,27.837,255,255,255
272500,-57.734,-47.737,27.837,255,255,255
272750,-57.734,-47.737,27.837,255,255,255
273000,-57.734,-47.737,27.837,255,255,255
273250,-57.734,-47.737,27.837,255,255,255
273500,-57.734,-47.737,27.837,255,255,255
273750,-57.734,-47.737,27.837,255,255,255
274000,-57.734,-47.737,27.837,255,255,255
274250,-57.734,-47.737,27.837,255,255,255
274500,-57.734,-47.737,27.837,255,255,255
274750,-57.734,-47.737,27.837,255,255,255
275000,-57.734,-47.737,27.837,255,255,255
275250,-57.734,-47.737,27.837,255,255,255
275500,-57.734,-47.737,27.837,255,255,255
275750,-57.734,-47.737,27.837,255,255,255
276000,-57.734,-47.737,27.837,255,255,255
276250,-57.734,-47.737,27.837,255,255,255
276500,-57.734,-47.737,27.837,255,255,255
276750,-57.734,-47.737,27.837,255,255,255
277000,-57.734,-47.737,27.837,255,255,255
277250,-57.734,-47.737,27.837,255,255,255
277500,-57.734,-47.737,27.837,255,255,255
277750,-57.734,-47.737,27.837,255,255,255
278000,-57.734,-47.737,27.837,255,255,255
278250,-57.734,-47.737,27.837,255,255,255
278500,-57.734,-47.737,27.837,255,255,255
278750,-57.734,-47.737,27.837,255,255,255
279000,-57.734,-47.737,27.837,255,255,255
279250,-57.734,-47.737,27.837,255,255,255
279500,-57.734,-47.737,27.837,255,255,255
279750,-57.734,-47.737,27.837,255,255,255
280000,-57.734,-47.737,27.837,255,255,255
280250,-57.734,-47.737,27.837,255,255,255
280500,-57.734,-47.737,27.837,255,255,255
280750,-57.734,-47.737,27.837,255,255,255
281000,-57.734,-47.737,27.837,255,255,255
281250,-57.734,-47.737,27.837,255,255,255
281500,-57.734,-47.737,27.837,255,255,255
281750,-57.734,-47.737,27.837,255,255,255
282000,-57.734,-47.737,27.837,255,255,255
282250,-57.734,-47.737,27.837,255,255,255
282500,-57.734,-47.737,27.837,255,255,255
282750,-57.734,-47.737,27.837,255,255,255
283000,-57.734,-47.737,27.837,255,255,255
283250,-57.734,-47.737,27.837,255,255,255
283500,-57.734,-47.737,27.837,255,255,255
283750,-57.734,-47.737,27.837,255,255,255
284000,-57.734,-47.737,27.837,255,255,255
284250,-57.734,-47.737,27.837,255,255,255
284500,-57.734,-47.737,27.837,255,255,255
284750,-57.734,-47.737,27.837,255,255,255
285000,-57.734,-47.737,27.837,255,255,255
285250,-57.734,-47.737,27.837,255,255,255
285500,-57.734,-47.737,27.837,255,255,255
285750,-57.734,-47.737,27.837,255,255,255
286000,-57.734,-47.737,27.837,255,255,255
286250,-57.734,-47.737,27.837,255,255,255
286500,-57.734,-47.737,27.837,255,255,255
286750,-57.734,-47.737,27.837,255,255,255
287000,-57.734,-47.737,27.837,255,255,255
287250,-57.734,-47.737,27.837,255,255,255
287500,-57.734,-47.737,27.837,255,255,255
287750,-57.734,-47.737,27.837,255,255,255
288000,-57.734,-47.737,27.837,255,255,255
288250,-57.734,-47.737,27.837,255,255,255
288500,-57.734,-47.737,27.837,255,255,255
288750,-57.734,-47.737,27.837,255,255,255
289000,-57.734,-47.737,27.837,255,255,255
289250,-57.734,-47.737,27.837,255,255,255
289500,-57.734,-47.737,27.837,255,255,255
289750,-57.734,-47.737,27.837,255,255,255
290000,-57.734,-47.737,27.837,255,255,255
290250,-57.734,-47.737,27.837,255,255,255
290500,-57.734,-47.737,27.837,255,255,255
290750,-57.734,-47.737,27.837,255,255,255
291000,-57.734,-47.737,27.837,255,255,255
291250,-57.734,-47.737,27.837,255,255,255
291500,-57.734,-47.737,27.837,255,255,255
291750,-57.734,-47.737,27.837,255,255,255
292000,-57.734,-47.737,27.837,255,255,255
292250,-57.734,-47.737,27.837,255,255,255
292500,-57.734,-47.737,27.837,255,255,255
292750,-57.734,-47.737,27.837,255,255,255
293000,-57.734,-47.737,27.837,255,255,255
293250,-57.734,-47.737,27.837,255,255,255
293500,-57.734,-47.737,27.837,255,255,255
293750,-57.734,-47.737,27.837,255,255,255
294000,-57.734,-47.737,27.837,255,255,255
294250,-57.734,-47.737,27.837,255,255,255
294500,-57.734,-47.737,27.837,255,255,255
294750,-57.734,-47.737,27.837,255,255,255
295000,-57.734,-47.737,27.837,255,255,255
295250,-57.734,-47.737,27.837,255,255,255
295500,-57.734,-47.737,27.837,255,255,255
295750,-57.734,-47.737,27.837,255,255,255
296000,-57.734,-47.737,27.837,255,255,255
296250,-57.734,-47.737,27.837,255,255,255
296500,-57.734,-47.737,27.837,255,255,255
296750,-57.734,-47.737,27.837,255,255,255
297000,-57.734,-47.737,27.837,255,255,255
297250,-57.734,-47.737,27.837,255,255,255
297500,-57.734,-47.737,27.837,255,255,255
297750,-57.734,-47.737,27.837,255,255,255
298000,-57.734,-47.737,27.837,255,255,255
298250,-57.734,-47.737,27.837,255,255,255
298500,-57.734,-47.737,27.837,255,255,255
298750,-57.734,-47.737,27.837,255,255,255
299000,-57.734,-47.737,27.837,255,255,255
299250,-57.734,-47.737,27.837,255,255,255
299500,-57.734,-47.737,27.837,255,255,255
299750,-57.734,-47.737,27.837,255,255,255
300000,-57.734,-47.737,27.837,255,255,255
300250,-57.734,-47.737,27.837,255,255,255
300500,-57.734,-47.737,27.837,255,255,255
300750,-57.734,-47.737,27.837,255,255,255
301000,-57.734,-47.737,27.837,255,255,255
301250,-57.734,-47.737,27.837,255,255,255
301500,-57.734,-47.737,27.837,255,255,255
301750,-57.734,-47.737,27.837,255,255,255
302000,-57.734,-47.737,27.837,255,255,255
302250,-57.734,-47.737,27.837,255,255,255
302500,-57.734,-47.737,27.837,255,255,255
302750,-57.734,-47.737,27.837,255,255,255
303000,-57.734,-47.737,27.837,255,255,255
303250,-57.734,-47.737,27.837,255,255,255
303500,-57.734,-47.737,27.837,255,255,255
303750,-57.734,-47.737,27.837,255,255,255
304000,-57.734,-47.737,27.837,255,255,255
304250,-57.734,-47.737,27.837,255,255,255
304500,-57.734,-47.737,27.837,255,255,255
304750,-57.734,-47.737,27.837,255,255,255
305000,-57.734,-47.737,27.837,255,255,255
305250,-57.734,-47.737,27.837,255,255,255
305500,-57.734,-47.737,27.837,255,255,255
305750,-57.734,-47.737,27.837,255,255,255
306000,-57.734,-47.737,27.837,255,255,255
306250,-57.734,-47.737,27.837,255,255,255
306500,-57.734,-47.737,27.837,255,255,255
306750,-57.734,-47.737,27.837,255,255,255
307000,-57.734,-47.737,27.837,255,255,255
307250,-57.734,-47.737,27.837,255,255,255
307500,-57.734,-47.737,27.837,255,255,255
307750,-57.734,-47.737,27.837,255,255,255
308000,-57.734,-47.737,27.837,255,255,255
308250,-57.734,-47.737,27.837,255,255,255
308500,-57.734,-47.737,27.837,255,255,255
308750,-57.734,-47.737,27.837,255,255,255
309000,-57.734,-47.737,27.837,255,255,255
309250,-57.734,-47.737,27.837,255,255,255
309500,-57.734,-47.737,27.837,255,255,255
309750,-57.734,-47.737,27.837,255,255,255
310000,-57.734,-47.737,27.837,255,255,255
310250,-57.734,-47.737,27.837,255,255,255
310500,-57.734,-47.737,27.837,255,255,255
310750,-57.734,-47.737,27.837,255,255,255
311000,-57.734,-47.737,27.837,255,255,255
311250,-57.734,-47.737,27.837,255,255,255
311500,-57.734,-47.737,27.837,255,255,255
311750,-57.734,-47.737,27.837,255,255,255
312000,-57.734,-47.737,27.837,255,255,255
312250,-57.734,-47.737,27.837,255,255,255
312500,-57.734,-47.737,27.837,255,255,255
312750,-57.734,-47.737,27.837,255,255,255
313000,-57.734,-47.737,27.837,255,255,255
313250,-57.734,-47.737,27.837,255,255,255
313500,-57.734,-47.737,27.837,255,255,255
313750,-57.734,-47.737,27.837,255,255,255
314000,-57.734,-47.737,27.837,255,255,255
314250,-57.734,-47.737,27.837,255,255,255
314500,-57.734,-47.737,27.837,255,255,255
314750,-57.734,-47.737,27.837,255,255,255
315000,-57.734,-47.737,27.837,255,255,255
315250,-57.734,-47.737,27.837,255,255,255
315500,-57.734,-47.737,27.837,255,255,255
315750,-57.734,-47.737,27.837,255,255,255
316000,-57.734,-47.737,27.837,255,255,255
316250,-57.734,-47.737,27.837,255,255,255
316500,-57.734,-47.737,27.837,255,255,255
316750,-57.734,-47.737,27.837,255,255,255
317000,-57.734,-47.737,27.837,255,255,255
317250,-57.734,-47.737,27.837,255,255,255
317500,-57.734,-47.737,27.837,255,255,255
317750,-57.734,-47.737,27.837,255,255,255
318000,-57.734,-47.737,27.837,255,255,255
318250,-57.734,-47.737,27.837,255,255,255
318500,-57.734,-47.737,27.837,255,255,255
318750,-57.734,-47.737,27.837,255,255,255
319000,-57.734,-47.737,27.837,255,255,255
319250,-57.734,-47.737,27.837,255,255,255
319500,-57.734,-47.737,27.837,255,255,255
319750,-57.734,-47.737,27.837,255,255,255
320000,-57.734,-47.737,27.837,255,255,255
320250,-57.734,-47.737,27.837,255,255,255
320500,-57.734,-47.737,27.837,255,255,255
320750,-57.734,-47.737,27.837,255,255,255
321000,-57.734,-47.737,27.837,255,255,255
321250,-57.734,-47.737,27.837,255,255,255
321500,-57.734,-47.737,27.837,255,255,255
321750,-57.734,-47.737,27.837,255,255,255
322000,-57.734,-47.737,27.837,255,255,255
322250,-57.734,-47.737,27.837,255,255,255
322500,-57.734,-47.737,27.837,255,255,255
322750,-57.734,-47.737,27.837,255,255,255
323000,-57.734,-47.737,27.837,255,255,255
323250,-57.734,-47.737,27.837,255,255,255
323500,-57.734,-47.737,27.837,255,255,255
323750,-57.734,-47.737,27.837,255,255,255
324000,-57.734,-47.737,27.837,255,255,255
324250,-57.734,-47.737,27.837,255,255,255
324500,-57.734,-47.737,27.837,255,255,255
324750,-57.734,-47.737,27.837,255,255,255
325000,-57.734,-47.737,27.837,255,255,255
325250,-57.734,-47.737,27.837,255,255,255
325500,-57.734,-47.737,27.837,255,255,255
325750,-57.734,-47.737,27.837,255,255,255
326000,-57.734,-47.737,27.837,255,255,255
326250,-57.734,-47.737,27.837,255,255,255
326500,-57.734,-47.737,27.837,255,255,255
326750,-57.734,-47.737,27.837,255,255,255
327000,-57.734,-47.737,27.837,255,255,255
327250,-57.734,-47.737,27.837,255,255,255
327500,-57.734,-47.737,27.837,255,255,255
327750,-57.734,-47.737,27.837,255,255,255
328000,-57.734,-47.737,27.837,255,255,255
328250,-57.734,-47.737,27.837,255,255,255
328500,-57.734,-47.737,27.837,255,255,255
328750,-57.734,-47.737,27.837,255,255,255
329000,-57.734,-47.737,27.837,255,255,255
329250,-57.734,-47.737,27.837,255,255,255
329500,-57.734,-47.737,27.837,255,255,255
329750,-57.734,-47.737,27.837,255,255,255
330000,-57.734,-47.737,27.837,255,255,255
330250,-57.734,-47.737,27.837,255,255,255
330500,-57.734,-47.737,27.837,255,255,255
330750,-57.734,-47.737,27.837,255,255,255
331000,-57.734,-47.737,27.837,255,255,255
331250,-57.734,-47.737,27.837,255,255,255
331500,-57.734,-47.737,27.837,255,255,255
331750,-57.734,-47.737,27.837,255,255,255
332000,-57.734,-47.737,27.837,255,255,255
332250,-57.734,-47.737,27.837,255,255,255
332500,-57.734,-47.737,27.837,255,255,255
332750,-57.734,-47.737,27.837,255,255,255
333000,-57.734,-47.737,27.837,255,255,255
333250,-57.734,-47.737,27.837,255,255,255
333500,-57.734,-47.737,27.837,255,255,255
333750,-57.734,-47.737,27.837,255,255,255
334000,-57.734,-47.737,27.837,255,255,255
334250,-57.734,-47.737,27.837,255,255,255
334500,-57.734,-47.737,27.837,255,255,255
334750,-57.734,-47.737,27.837,255,255,255
335000,-57.734,-47.737,27.837,255,255,255
335250,-57.734,-47.737,27.837,255,255,255
335500,-57.734,-47.737,27.837,255,255,255
335750,-57.734,-47.737,27.837,255,255,255
336000,-57.734,-47.737,27.837,255,255,255
336250,-57.734,-47.737,27.837,255,255,255
336500,-57.734,-47.737,27.837,255,255,255
336750,-57.734,-47.737,27.837,255,255,255
337000,-57.734,-47.737,27.837,255,255,255
337250,-57.734,-47.737,27.837,255,255,255
337500,-57.734,-47.737,27.837,255,255,255
337750,-57.734,-47.737,27.837,255,255,255
338000,-57.734,-47.737,27.837,255,255,255
338250,-57.734,-47.737,27.837,255,255,255
338500,-57.734,-47.737,27.837,255,255,255
338750,-57.734,-47.737,27.837,255,255,255
339000,-57.734,-47.737,27.837,255,255,255
339250,-57.734,-47.737,27.837,255,255,255
339500,-57.734,-47.737,27.837,255,255,255
339750,-57.734,-47.737,27.837,255,255,255
340000,-57.734,-47.737,27.837,255,255,255
340250,-57.734,-47.737,27.837,255,255,255
340500,-57.734,-47.737,27.837,255,255,255
340750,-57.734,-47.737,27.837,255,255,255
341000,-57.734,-47.737,27.837,255,255,255
341250,-57.734,-47.737,27.837,255,255,255
341500,-57.734,-47.737,27.837,255,255,255
341750,-57.734,-47.737,27.837,255,255,255
342000,-57.734,-47.737,27.837,255,255,255
342250,-57.734,-47.737,27.837,255,255,255
342500,-57.734,-47.737,27.837,255,255,255
342750,-57.734,-47.737,27.837,255,255,255
343000,-57.734,-47.737,27.837,255,255,255
343250,-57.734,-47.737,27.837,255,255,255
343500,-57.734,-47.737,27.837,255,255,255
343750,-57.734,-47.737,27.837,255,255,255
344000,-57.734,-47.737,27.837,255,255,255
344250,-57.734,-47.737,27.837,255,255,255
344500,-57.734,-47.737,27.837,255,255,255
344750,-57.734,-47.737,27.837,255,255,255
345000,-57.734,-47.737,27.837,255,255,255
345250,-57.734,-47.737,27.837,255,255,255
345500,-57.734,-47.737,27.837,255,255,255
345750,-57.734,-47.737,27.837,255,255,255
346000,-57.734,-47.737,27.837,255,255,255
346250,-57.734,-47.737,27.837,255,255,255
346500,-57.734,-47.737,27.837,255,255,255
346750,-57.734,-47.737,27.837,255,255,255
347000,-57.734,-47.737,27.837,255,255,255
347250,-57.734,-47.737,27.837,255,255,255
347500,-57.734,-47.737,27.837,255,255,255
347750,-57.734,-47.737,27.837,255,255,255
348000,-57.734,-47.737,27.837,255,255,255
348250,-57.734,-47.737,27.837,255,255,255
348500,-57.734,-47.737,27.837,255,255,255
348750,-57.734,-47.737,27.837,255,255,255
349000,-57.734,-47.737,27.837,255,255,255
349250,-57.734,-47.737,27.837,255,255,255
349500,-57.734,-47.737,27.837,255,255,255
349750,-57.734,-47.737,27.837,255,255,255
350000,-57.734,-47.737,27.837,255,255,255
350250,-57.734,-47.737,27.837,255,255,255
350500,-57.734,-47.737,27.837,255,255,255
350750,-57.734,-47.737,27.837,255,255,255
351000,-57.734,-47.737,27.837,255,255,255
351250,-57.734,-47.737,27.837,255,255,255
351500,-57.734,-47.737,27.837,255,255,255
351750,-57.734,-47.737,27.837,255,255,255
352000,-57.734,-47.737,27.837,255,255,255
352250,-57.734,-47.737,27.837,255,255,255
352500,-57.734,-47.737,27.837,255,255,255
352750,-57.734,-47.737,27.837,255,255,255
353000,-57.734,-47.737,27.837,255,255,255
353250,-57.734,-47.737,27.837,255,255,255
353500,-57.734,-47.737,27.837,255,255,255
353750,-57.734,-47.737,27.837,255,255,255
354000,-57.734,-47.737,27.837,255,255,255
354250,-57.734,-47.737,27.837,255,255,255
354500,-57.734,-47.737,27.837,255,255,255
354750,-57.734,-47.737,27.837,255,255,255
355000,-57.734,-47.737,27.837,255,255,255
355250,-57.734,-47.737,27.837,255,255,255
355500,-57.734,-47.737,27.837,255,255,255
355750,-57.734,-47.737,27.837,255,255,255
356000,-57.734,-47.737,27.837,255,255,255
356250,-57.734,-47.737,27.837,255,255,255
356500,-57.734,-47.737,27.837,255,255,255
356750,-57.734,-47.737,27.837,255,255,255
357000,-57.734,-47.737,27.837,255,255,255
357250,-57.734,-47.737,27.837,255,255,255
357500,-57.734,-47.737,27.837,255,255,255
357750,-57.734,-47.737,27.837,255,255,255
358000,-57.734,-47.737,27.837,255,255,255
358250,-57.734,-47.737,27.837,255,255,255
358500,-57.734,-47.737,27.837,255,255,255
358750,-57.734,-47.737,27.837,255,255,255
359000,-57.734,-47.737,27.837,255,255,255
359250,-57.734,-47.737,27.837,255,255,255
359500,-57.734,-47.737,27.837,255,255,255
359750,-57.734,-47.737,27.837,255,255,255
360000,-57.734,-47.737,27.837,255,255,255
360250,-57.734,-47.737,27.837,255,255,255
360500,-57.734,-47.737,27.837,255,255,255
360750,-57.734,-47.737,27.837,255,255,255
361000,-57.734,-47.737,27.837,255,255,255
361250,-57.734,-47.737,27.837,255,255,255
361500,-57.734,-47.737,27.837,255,255,255
361750,-57.734,-47.737,27.837,255,255,255
362000,-57.734,-47.737,27.837,255,255,255
362250,-57.734,-47.737,27.837,255,255,255
362500,-57.734,-47.737,27.837,255,255,255
362750,-57.734,-47.737,27.837,255,255,255
363000,-57.734,-47.737,27.837,255,255,255
363250,-57.734,-47.737,27.837,255,255,255
363500,-57.734,-47.737,27.837,255,255,255
363750,-57.734,-47.737,27.837,255,255,255
364000,-57.734,-47.737,27.837,255,255,255
364250,-57.734,-47.737,27.837,255,255,255
364500,-57.734,-47.737,27.837,255,255,255
364750,-57.734,-47.737,27.837,255,255,255
365000,-57.734,-47.737,27.837,255,255,255
365250,-57.734,-47.737,27.837,255,255,255
365500,-57.734,-47.737,27.837,255,255,255
365750,-57.734,-47.737,27.837,255,255,255
366000,-57.734,-47.737,27.837,255,255,255
366250,-57.734,-47.737,27.837,255,255,255
366500,-57.734,-47.737,27.837,255,255,255
366750,-57.734,-47.737,27.837,255,255,255
367000,-57.734,-47.737,27.837,255,255,255
367250,-57.734,-47.737,27.837,255,255,255
367500,-57.734,-47.737,27.837,255,255,255
367750,-57.734,-47.737,27.837,255,255,255
368000,-57.734,-47.737,27.837,255,255,255
368250,-57.734,-47.737,27.837,255,255,255
368500,-57.734,-47.737,27.837,255,255,255
368750,-57.734,-47.737,27.837,255,255,255
369000,-57.734,-47.737,27.837,255,255,255
369250,-57.734,-47.737,27.837,255,255,255
369500,-57.734,-47.737,27.837,255,255,255
369750,-57.734,-47.737,27.837,255,255,255
370000,-57.734,-47.737,27.837,255,255,255
370250,-57.734,-47.737,27.837,255,255,255
370500,-57.734,-47.737,27.837,255,255,255
370750,-57.734,-47.737,27.837,255,255,255
371000,-57.734,-47.737,27.837,255,255,255
371250,-57.734,-47.737,27.837,255,255,255
371500,-57.734,-47.737,27.837,255,255,255
371750,-57.734,-47.737,27.837,255,255,255
372000,-57.734,-47.737,27.837,255,255,255
372250,-57.734,-47.737,27.837,255,255,255
372500,-57.734,-47.737,27.837,255,255,255
372750,-57.734,-47.737,27.837,255,255,255
373000,-57.734,-47.737,27.837,255,255,255
373250,-57.734,-47.737,27.837,255,255,255
373500,-57.734,-47.737,27.837,255,255,255
373750,-57.734,-47.737,27.837,255,255,255
374000,-57.734,-47.737,27.837,255,255,255
374250,-57.734,-47.737,27.837,255,255,255
374500,-57.734,-47.737,27.837,255,255,255
374750,-57.734,-47.737,27.837,255,255,255
375000,-57.734,-47.737,27.837,255,255,255
375250,-57.734,-47.737,27.837,255,255,255
375500,-57.734,-47.737,27.837,255,255,255
375750,-57.734,-47.737,27.837,255,255,255
376000,-57.734,-47.737,27.837,255,255,255
376250,-57.734,-47.737,27.837,255,255,255
376500,-57.734,-47.737,27.837,255,255,255
376750,-57.734,-47.737,27.837,255,255,255
377000,-57.734,-47.737,27.837,255,255,255
377250,-57.734,-47.737,27.837,255,255,255
377500,-57.734,-47.737,27.837,255,255,255
377750,-57.734,-47.737,27.837,255,255,255
378000,-57.734,-47.737,27.837,255,255,255
378250,-57.734,-47.737,27.837,255,255,255
378500,-57.734,-47.737,27.837,255,255,255
378750,-57.734,-47.737,27.837,255,255,255
379000,-57.734,-47.737,27.837,255,255,255
379250,-57.734,-47.737,27.837,255,255,255
379500,-57.734,-47.737,27.837,255,255,255
379750,-57.734,-47.737,27.837,255,255,255
380000,-57.734,-47.737,27.837,255,255,255
380250,-57.734,-47.737,27.837,255,255,255
380500,-57.734,-47.737,27.837,255,255,255
380750,-57.734,-47.737,27.837,255,255,255
381000,-57.734,-47.737,27.837,255,255,255
381250,-57.734,-47.737,27.837,255,255,255
381500,-57.734,-47.737,27.837,255,255,255
381750,-57.734,-47.737,27.837,255,255,255
382000,-57.734,-47.737,27.837,255,255,255
382250,-57.734,-47.737,27.837,255,255,255
382500,-57.734,-47.737,27.837,255,255,255
382750,-57.734,-47.737,27.837,255,255,255
383000,-57.734,-47.737,27.837,255,255,255
383250,-57.734,-47.737,27.837,255,255,255
383500,-57.734,-47.737,27.837,255,255,255
383750,-57.734,-47.737,27.837,255,255,255
384000,-57.734,-47.737,27.837,255,255,255
384250,-57.734,-47.737,27.837,255,255,255
384500,-57.734,-47.737,27.837,255,255,255
384750,-57.734,-47.737,27.837,255,255,255
385000,-57.734,-47.737,27.837,255,255,255
385250,-57.734,-47.737,27.837,255,255,255
385500,-57.734,-47.737,27.837,255,255,255
385750,-57.734,-47.737,27.837,255,255,255
386000,-57.734,-47.737,27.837,255,255,255
386250,-57.734,-47.737,27.837,255,255,255
386500,-57.734,-47.737,27.837,255,255,255
386750,-57.734,-47.737,27.837,255,255,255
387000,-57.734,-47.737,27.837,255,255,255
387250,-57.734,-47.737,27.837,255,255,255
387500,-57.734,-47.737,27.837,255,255,255
387750,-57.734,-47.737,27.837,255,255,255
388000,-57.734,-47.737,27.837,255,255,255
388250,-57.734,-47.737,27.837,255,255,255
388500,-57.734,-47.737,27.837,255,255,255
388750,-57.734,-47.737,27.837,255,255,255
389000,-57.734,-47.737,27.837,255,255,255
389250,-57.734,-47.737,27.837,255,255,255
389500,-57.734,-47.737,27.837,255,255,255
389750,-57.734,-47.737,27.837,255,255,255
390000,-57.734,-47.737,27.837,255,255,255
390250,-57.734,-47.737,27.837,255,255,255
390500,-57.734,-47.737,27.837,255,255,255
390750,-57.734,-47.737,27.837,255,255,255
391000,-57.734,-47.737,27.837,255,255,255
391250,-57.734,-47.737,27.837,255,255,255
391500,-57.734,-47.737,27.837,255,255,255
391750,-57.734,-47.737,27.837,255,255,255
392000,-57.734,-47.737,27.837,255,255,255
392250,-57.734,-47.737,27.837,255,255,255
392500,-57.734,-47.737,27.837,255,255,255
392750,-57.734,-47.737,27.837,255,255,255
393000,-57.734,-47.737,27.837,255,255,255
393250,-57.734,-47.737,27.837,255,255,255
393500,-57.734,-47.737,27.837,255,255,255
393750,-57.734,-47.737,27.837,255,255,255
394000,-57.734,-47.737,27.837,255,255,255
394250,-57.734,-47.737,27.837,255,255,255
394500,-57.734,-47.737,27.837,255,255,255
394750,-57.734,-47.737,27.837,255,255,255
395000,-57.734,-47.737,27.837,255,255,255
395250,-57.734,-47.737,27.837,255,255,255
395500,-57.734,-47.737,27.837,255,255,255
395750,-57.734,-47.737,27.837,255,255,255
396000,-57.734,-47.737,27.837,255,255,255
396250,-57.734,-47.737,27.837,255,255,255
396500,-57.734,-47.737,27.837,255,255,255
396750,-57.734,-47.737,27.837,255,255,255
397000,-57.734,-47.737,27.837,255,255,255
397250,-57.734,-47.737,27.837,255,255,255
397500,-57.734,-47.737,27.837,255,255,255
397750,-57.734,-47.737,27.837,255,255,255
398000,-57.734,-47.737,27.837,255,255,255
398250,-57.734,-47.737,27.837,255,255,255
398500,-57.734,-47.737,27.837,255,255,255
398750,-57.734,-47.737,27.837,255,255,255
399000,-57.734,-47.737,27.837,255,255,255
399250,-57.734,-47.737,27.837,255,255,255
399500,-57.734,-47.737,27.837,255,255,255
399750,-57.734,-47.737,27.837,255,255,255
400000,-57.734,-47.737,27.837,255,255,255
400250,-57.734,-47.737,27.837,255,255,255
400500,-57.734,-47.737,27.837,255,255,255
400750,-57.734,-47.737,27.837,255,255,255
401000,-57.734,-47.737,27.837,255,255,255
401250,-57.734,-47.737,27.837,255,255,255
401500,-57.734,-47.737,27.837,255,255,255
401750,-57.734,-47.737,27.837,255,255,255
402000,-57.734,-47.737,27.837,255,255,255
402250,-57.734,-47.737,27.837,255,255,255
402500,-57.734,-47.737,27.837,255,255,255
402750,-57.734,-47.737,27.837,255,255,255
403000,-57.734,-47.737,27.837,255,255,255
403250,-57.734,-47.737,27.837,255,255,255
403500,-57.734,-47.737,27.837,255,255,255
403750,-57.734,-47.737,27.837,255,255,255
404000,-57.734,-47.737,27.837,255,255,255
404250,-57.734,-47.737,27.837,255,255,255
404500,-57.734,-47.737,27.837,255,255,255
404750,-57.734,-47.737,27.837,255,255,255
405000,-57.734,-47.737,27.837,255,255,255
405250,-57.734,-47.737,27.837,255,255,255
405500,-57.734,-47.737,27.837,255,255,255
405750,-57.734,-47.737,27.837,255,255,255
406000,-57.734,-47.737,27.837,255,255,255
406250,-57.734,-47.737,27.837,255,255,255
406500,-57.734,-47.737,27.837,255,255,255
406750,-57.734,-47.737,27.837,255,255,255
407000,-57.734,-47.737,27.837,255,255,255
407250,-57.734,-47.737,27.837,255,255,255
407500,-57.734,-47.737,27.837,255,255,255
407750,-57.734,-47.737,27.837,255,255,255
408000,-57.734,-47.737,27.837,255,255,255
408250,-57.734,-47.737,27.837,255,255,255
408500,-57.734,-47.737,27.837,255,255,255
408750,-57.734,-47.737,27.837,255,255,255
409000,-57.734,-47.737,27.837,255,255,255
409250,-57.734,-47.737,27.837,255,255,255
409500,-57.734,-47.737,27.837,255,255,255
409750,-57.734,-47.737,27.837,255,255,255
410000,-57.734,-47.737,27.837,255,255,255
410250,-57.734,-47.737,27.837,255,255,255
410500,-57.734,-47.737,27.837,255,255,255
410750,-57.734,-47.737,27.837,255,255,255
411000,-57.734,-47.737,27.837,255,255,255
411250,-57.734,-47.737,27.837,255,255,255
411500,-57.734,-47.737,27.837,255,255,255
411750,-57.734,-47.737,27.837,255,255,255
412000,-57.734,-47.737,27.837,255,255,255
412250,-57.734,-47.737,27.837,255,255,255
412500,-57.734,-47.737,27.837,255,255,255
412750,-57.734,-47.737,27.837,255,255,255
413000,-57.734,-47.737,27.837,255,255,255
413250,-57.734,-47.737,27.837,255,255,255
413500,-57.734,-47.737,27.837,255,255,255
413750,-57.734,-47.737,27.837,255,255,255
414000,-57.734,-47.737,27.837,255,255,255
414250,-57.734,-47.737,27.837,255,255,255
414500,-57.734,-47.737,27.837,255,255,255
414750,-57.734,-47.737,27.837,255,255,255
415000,-57.734,-47.737,27.837,255,255,255
415250,-57.734,-47.737,27.837,255,255,255
415500,-57.734,-47.737,27.837,255,255,255
415750,-57.734,-47.737,27.837,255,255,255
416000,-57.734,-47.737,27.837,255,255,255
416250,-57.734,-47.737,27.837,255,255,255
416500,-57.734,-47.737,27.837,255,255,255
416750,-57.734,-47.737,27.837,255,255,255
417000,-57.734,-47.737,27.837,255,255,255
417250,-57.734,-47.737,27.837,255,255,255
417500,-57.734,-47.737,27.837,255,255,255
417750,-57.734,-47.737,27.837,255,255,255
418000,-57.734,-47.737,27.837,255,255,255
418250,-57.734,-47.737,27.837,255,255,255
418500,-57.734,-47.737,27.837,255,255,255
418750,-57.734,-47.737,27.837,255,255,255
419000,-57.734,-47.737,27.837,255,255,255
419250,-57.734,-47.737,27.837,255,255,255
419500,-57.734,-47.737,27.837,255,255,255
419750,-57.734,-47.737,27.837,255,255,255
420000,-57.734,-47.737,27.837,255,255,255
420250,-57.734,-47.737,27.837,255,255,255
420500,-57.734,-47.737,27.837,255,255,255
420750,-57.734,-47.737,27.837,255,255,255
421000,-57.734,-47.737,27.837,255,255,255
421250,-57.734,-47.737,27.837,255,255,255
421500,-57.734,-47.737,27.837,255,255,255
421750,-57.734,-47.737,27.837,255,255,255
422000,-57.734,-47.737,27.837,255,255,255
422250,-57.734,-47.737,27.837,255,255,255
422500,-57.734,-47.737,27.837,255,255,255
422750,-57.734,-47.737,27.837,255,255,255
423000,-57.734,-47.737,27.837,255,255,255
423250,-57.734,-47.737,27.837,255,255,255
423500,-57.734,-47.737,27.837,255,255,255
423750,-57.734,-47.737,27.837,255,255,255
424000,-57.734,-47.737,27.837,255,255,255
424250,-57.734,-47.737,27.837,255,255,255
424500,-57.734,-47.737,27.837,255,255,255
424750,-57.734,-47.737,27.837,255,255,255
425000,-57.734,-47.737,27.837,255,255,255
425250,-57.734,-47.737,27.837,255,255,255
425500,-57.734,-47.737,27.837,255,255,255
425750,-57.734,-47.737,27.837,255,255,255
426000,-57.734,-47.737,27.837,255,255,255
426250,-57.734,-47.737,27.837,255,255,255
426500,-57.734,-47.737,27.837,255,255,255
426750,-57.734,-47.737,27.837,255,255,255
427000,-57.734,-47.737,27.837,255,255,255
427250,-57.734,-47.737,27.837,255,255,255
427500,-57.734,-47.737,27.837,255,255,255
427750,-57.734,-47.737,27.837,255,255,255
428000,-57.734,-47.737,27.837,255,255,255
428250,-57.734,-47.737,27.837,255,255,255
428500,-57.734,-47.737,27.837,255,255,255
428750,-57.734,-47.737,27.837,255,255,255
429000,-57.734,-47.737,27.837,255,255,255
429250,-57.734,-47.737,27.837,255,255,255
429500,-57.734,-47.737,27.837,255,255,255
429750,-57.734,-47.737,27.837,255,255,255
430000,-57.734,-47.737,27.837,255,255,255
430250,-57.734,-47.737,27.837,255,255,255
430500,-57.734,-47.737,27.837,255,255,255
430750,-57.734,-47.737,27.837,255,255,255
431000,-57.734,-47.737,27.837,255,255,255
431250,-57.734,-47.737,27.837,255,255,255
431500,-57.734,-47.737,27.837,255,255,255
431750,-57.734,-47.737,27.837,255,255,255
432000,-57.734,-47.737,27.837,255,255,255
432250,-57.734,-47.737,27.837,255,255,255
432500,-57.734,-47.737,27.837,255,255,255
432750,-57.734,-47.737,27.837,255,255,255
433000,-57.734,-47.737,27.837,255,255,255
433250,-57.734,-47.737,27.837,255,255,255
433500,-57.734,-47.737,27.837,255,255,255
433750,-57.734,-47.737,27.837,255,255,255
434000,-57.734,-47.737,27.837,255,255,255
434250,-57.734,-47.737,27.837,255,255,255
434500,-57.734,-47.737,27.837,255,255,255
434750,-57.734,-47.737,27.837,255,255,255
435000,-57.734,-47.737,27.837,255,255,255
435250,-57.734,-47.737,27.837,255,255,255
435500,-57.734,-47.737,27.837,255,255,255
435750,-57.734,-47.737,27.837,255,255,255
436000,-57.734,-47.737,27.837,255,255,255
436250,-57.734,-47.737,27.837,255,255,255
436500,-57.734,-47.737,27.837,255,255,255
436750,-57.734,-47.737,27.837,255,255,255
437000,-57.734,-47.737,27.837,255,255,255
437250,-57.734,-47.737,27.837,255,255,255
437500,-57.734,-47.737,27.837,255,255,255
437750,-57.734,-47.737,27.837,255,255,255
438000,-57.734,-47.737,27.837,255,255,255
438250,-57.734,-47.737,27.837,255,255,255
438500,-57.734,-47.737,27.837,255,255,255
438750,-57.734,-47.737,27.837,255,255,255
439000,-57.734,-47.737,27.837,255,255,255
439250,-57.734,-47.737,27.837,255,255,255
439500,-57.734,-47.737,27.837,255,255,255
439750,-57.734,-47.737,27.837,255,255,255
440000,-57.734,-47.737,27.837,255,255,255
440250,-57.734,-47.737,27.837,255,255,255
440500,-57.734,-47.737,27.837,255,255,255
440750,-57.734,-47.737,27.837,255,255,255
441000,-57.734,-47.737,27.837,255,255,255
441250,-57.734,-47.737,27.837,255,255,255
441500,-57.734,-47.737,27.837,255,255,255
441750,-57.734,-47.737,27.837,255,255,255
442000,-57.734,-47.737,27.837,255,255,255
442250,-57.734,-47.737,27.837,255,255,255
442500,-57.734,-47.737,27.837,255,255,255
442750,-57.734,-47.737,27.837,255,255,255
443000,-57.734,-47.737,27.837,255,255,255
443250,-57.734,-47.737,27.837,255,255,255
443500,-57.734,-47.737,27.837,255,255,255
443750,-57.734,-47.737,27.837,255,255,255
444000,-57.734,-47.737,27.837,255,255,255
444250,-57.734,-47.737,27.837,255,255,255
444500,-57.734,-47.737,27.837,255,255,255
444750,-57.734,-47.737,27.837,255,255,255
445000,-57.734,-47.737,27.837,255,255,255
445250,-57.734,-47.737,27.837,255,255,255
445500,-57.734,-47.737,27.837,255,255,255
445750,-57.734,-47.737,27.837,255,255,255
446000,-57.734,-47.737,27.837,255,255,255
446250,-57.734,-47.737,27.837,255,255,255
446500,-57.734,-47.737,27.837,255,255,255
446750,-57.734,-47.737,27.837,255,255,255
447000,-57.734,-47.737,27.837,255,255,255
447250,-57.734,-47.737,27.837,255,255,255
447500,-57.734,-47.737,27.837,255,255,255
447750,-57.734,-47.737,27.837,255,255,255
448000,-57.734,-47.737,27.837,255,255,255
448250,-57.734,-47.737,27.837,255,255,255
448500,-57.734,-47.737,27.837,255,255,255
448750,-57.734,-47.737,27.837,255,255,255
449000,-57.734,-47.737,27.837,255,255,255
449250,-57.734,-47.737,27.837,255,255,255
449500,-57.734,-47.737,27.837,255,255,255
449750,-57.734,-47.737,27.837,255,255,255
450000,-57.734,-47.737,27.837,255,255,255
450250,-57.734,-47.737,27.837,255,255,255
450500,-57.734,-47.737,27.837,255,255,255
450750,-57.734,-47.737,27.837,255,255,255
451000,-57.734,-47.737,27.837,255,255,255
451250,-57.734,-47.737,27.837,255,255,255
451500,-57.734,-47.737,27.837,255,255,255
451750,-57.734,-47.737,27.837,255,255,255
452000,-57.734,-47.737,27.837,255,255,255
452250,-57.734,-47.737,27.837,255,255,255
452500,-57.734,-47.737,27.837,255,255,255
452750,-57.734,-47.737,27.837,255,255,255
453000,-57.734,-47.737,27.837,255,255,255
453250,-57.734,-47.737,27.837,255,255,255
453500,-57.734,-47.737,27.837,255,255,255
453750,-57.734,-47.737,27.837,255,255,255
454000,-57.734,-47.737,27.837,255,255,255
454250,-57.734,-47.737,27.837,255,255,255
454500,-57.734,-47.737,27.837,255,255,255
454750,-57.734,-47.737,27.837,255,255,255
455000,-57.734,-47.737,27.837,255,255,255
455250,-57.734,-47.737,27.837,255,255,255
455500,-57.734,-47.737,27.837,255,255,255
455750,-57.734,-47.737,27.837,255,255,255
456000,-57.734,-47.737,27.837,255,255,255
456250,-57.734,-47.737,27.837,255,255,255
456500,-57.734,-47.737,27.837,255,255,255
456750,-57.734,-47.737,27.837,255,255,255
457000,-57.734,-47.737,27.837,255,255,255
457250,-57.734,-47.737,27.837,255,255,255
457500,-57.734,-47.737,27.837,255,255,255
457750,-57.734,-47.737,27.837,255,255,255
458000,-57.734,-47.737,27.837,255,255,255
458250,-57.734,-47.737,27.837,255,255,255
458500,-57.734,-47.737,27.837,255,255,255
458750,-57.734,-47.737,27.837,255,255,255
459000,-57.734,-47.737,27.837,255,255,255
459250,-57.734,-47.737,27.837,255,255,255
459500,-57.734,-47.737,27.837,255,255,255
459750,-57.734,-47.737,27.837,255,255,255
460000,-57.734,-47.737,27.837,255,255,255
460250,-57.734,-47.737,27.837,255,255,255
460500,-57.734,-47.737,27.837,255,255,255
460750,-57.734,-47.737,27.837,255,255,255
461000,-57.734,-47.737,27.837,255,255,255
461250,-57.734,-47.737,27.837,255,255,255
461500,-57.734,-47.737,27.837,255,255,255
461750,-57.734,-47.737,27.837,255,255,255
462000,-57.734,-47.737,27.837,255,255,255
462250,-57.734,-47.737,27.837,255,255,255
462500,-57.734,-47.737,27.837,255,255,255
462750,-57.734,-47.737,27.837,255,255,255
463000,-57.734,-47.737,27.837,255,255,255
463250,-57.734,-47.737,27.837,255,255,255
463500,-57.734,-47.737,27.837,255,255,255
463750,-57.734,-47.737,27.837,255,255,255
464000,-57.734,-47.737,27.837,255,255,255
464250,-57.734,-47.737,27.837,255,255,255
464500,-57.734,-47.737,27.837,255,255,255
464750,-57.734,-47.737,27.837,255,255,255
465000,-57.734,-47.737,27.837,255,255,255
465250,-57.734,-47.737,27.837,255,255,255
465500,-57.734,-47.737,27.837,255,255,255
465750,-57.734,-47.737,27.837,255,255,255
466000,-57.734,-47.737,27.837,255,255,255
466250,-57.734,-47.737,27.837,255,255,255
466500,-57.734,-47.737,27.837,255,255,255
466750,-57.734,-47.737,27.837,255,255,255
467000,-57.734,-47.737,27.837,255,255,255
467250,-57.734,-47.737,27.837,255,255,255
467500,-57.734,-47.737,27.837,255,255,255
467750,-57.734,-47.737,27.837,255,255,255
468000,-57.734,-47.737,27.837,255,255,255
468250,-57.734,-47.737,27.837,255,255,255
468500,-57.734,-47.737,27.837,255,255,255
468750,-57.734,-47.737,27.837,255,255,255
469000,-57.734,-47.737,27.837,255,255,255
469250,-57.734,-47.737,27.837,255,255,255
469500,-57.734,-47.737,27.837,255,255,255
469750,-57.734,-47.737,27.837,255,255,255
470000,-57.734,-47.737,27.837,255,255,255
470250,-57.734,-47.737,27.837,255,255,255
470500,-57.734,-47.737,27.837,255,255,255
470750,-57.734,-47.737,27.837,255,255,255
471000,-57.734,-47.737,27.837,255,255,255
471250,-57.734,-47.737,27.837,255,255,255
471500,-57.734,-47.737,27.837,255,255,255
471750,-57.734,-47.737,27.837,255,255,255
472000,-57.734,-47.737,27.837,255,255,255
472250,-57.734,-47.737,27.837,255,255,255
472500,-57.734,-47.737,27.837,255,255,255
472750,-57.734,-47.737,27.837,255,255,255
473000,-57.734,-47.737,27.837,255,255,255
473250,-57.734,-47.737,27.837,255,255,255
473500,-57.734,-47.737,27.837,255,255,255
473750,-57.734,-47.737,27.837,255,255,255
474000,-57.734,-47.737,27.837,255,255,255
474250,-57.734,-47.737,27.837,255,255,255
474500,-57.734,-47.737,27.837,255,255,255
474750,-57.734,-47.737,27.837,255,255,255
475000,-57.734,-47.737,27.837,255,255,255
475250,-57.734,-47.737,27.837,255,255,255
475500,-57.734,-47.737,27.837,255,255,255
475750,-57.734,-47.737,27.837,255,255,255
476000,-57.734,-47.737,27.837,255,255,255
476250,-57.734,-47.737,27.837,255,255,255
476500,-57.734,-47.737,27.837,255,255,255
476750,-57.734,-47.737,27.837,255,255,255
477000,-57.734,-47.737,27.837,255,255,255
477250,-57.734,-47.737,27.837,255,255,255
477500,-57.734,-47.737,27.837,255,255,255
477750,-57.734,-47.737,27.837,255,255,255
478000,-57.734,-47.737,27.837,255,255,255
478250,-57.734,-47.737,27.837,255,255,255
478500,-57.734,-47.737,27.837,255,255,255
478750,-57.734,-47.737,27.837,255,255,255
479000,-57.734,-47.737,27.837,255,255,255
479250,-57.734,-47.737,27.837,255,255,255
479500,-57.734,-47.737,27.837,255,255,255
479750,-57.734,-47.737,27.837,255,255,255
480000,-57.734,-47.737,27.837,255,255,255
480250,-57.734,-47.737,27.837,255,255,255
480500,-57.734,-47.737,27.837,255,255,255
480750,-57.734,-47.737,27.837,255,255,255
481000,-57.734,-47.737,27.837,255,255,255
481250,-57.734,-47.737,27.837,255,255,255
481500,-57.734,-47.737,27.837,255,255,255
481750,-57.734,-47.737,27.837,255,255,255
482000,-57.734,-47.737,27.837,255,255,255
482250,-57.734,-47.737,27.837,255,255,255
482500,-57.734,-47.737,27.837,255,255,255
482750,-57.734,-47.737,27.837,255,255,255
483000,-57.734,-47.737,27.837,255,255,255
483250,-57.734,-47.737,27.837,255,255,255
483500,-57.734,-47.737,27.837,255,255,255
483750,-57.734,-47.737,27.837,255,255,255
484000,-57.734,-47.737,27.837,255,255,255
484250,-57.734,-47.737,27.837,255,255,255
484500,-57.734,-47.737,27.837,255,255,255
484750,-57.734,-47.737,27.837,255,255,255
485000,-57.734,-47.737,27.837,255,255,255
485250,-57.734,-47.737,27.837,255,255,255
485500,-57.734,-47.737,27.837,255,255,255
485750,-57.734,-47.737,27.837,255,255,255
486000,-57.734,-47.737,27.837,255,255,255
486250,-57.734,-47.737,27.837,255,255,255
486500,-57.734,-47.737,27.837,255,255,255
486750,-57.734,-47.737,27.837,255,255,255
487000,-57.734,-47.737,27.837,255,255,255
487250,-57.734,-47.737,27.837,255,255,255
487500,-57.734,-47.737,27.837,255,255,255
487750,-57.734,-47.737,27.837,255,255,255
488000,-57.734,-47.737,27.837,255,255,255
488250,-57.734,-47.737,27.837,255,255,255
488500,-57.734,-47.737,27.837,255,255,255
488750,-57.734,-47.737,27.837,255,255,255
489000,-57.734,-47.737,27.837,255,255,255
489250,-57.734,-47.737,27.837,255,255,255
489500,-57.734,-47.737,27.837,255,255,255
489750,-57.734,-47.737,27.837,255,255,255
490000,-57.734,-47.737,27.837,255,255,255
490250,-57.734,-47.737,27.837,255,255,255
490500,-57.734,-47.737,27.837,255,255,255
490750,-57.734,-47.737,27.837,255,255,255
491000,-57.734,-47.737,27.837,255,255,255
491250,-57.734,-47.737,27.837,255,255,255
491500,-57.734,-47.737,27.837,255,255,255
491750,-57.734,-47.737,27.837,255,255,255
492000,-57.734,-47.737,27.837,255,255,255
492250,-57.734,-47.737,27.837,255,255,255
492500,-57.734,-47.737,27.837,255,255,255
492750,-57.734,-47.737,27.837,255,255,255
493000,-57.734,-47.737,27.837,255,255,255
493250,-57.734,-47.737,27.837,255,255,255
493500,-57.734,-47.737,27.837,255,255,255
493750,-57.734,-47.737,27.837,255,255,255
494000,-57.734,-47.737,27.837,255,255,255
494250,-57.734,-47.737,27.837,255,255,255
494500,-57.734,-47.737,27.837,255,255,255
494750,-57.734,-47.737,27.837,255,255,255
495000,-57.734,-47.737,27.837,255,255,255
495250,-57.734,-47.737,27.837,255,255,255
495500,-57.734,-47.737,27.837,255,255,255
495750,-57.734,-47.737,27.837,255,255,255
496000,-57.734,-47.737,27.837,255,255,255
496250,-57.734,-47.737,27.837,255,255,255
496500,-57.734,-47.737,27.837,255,255,255
496750,-57.734,-47.737,27.837,255,255,255
497000,-57.734,-47.737,27.837,255,255,255
497250,-57.734,-47.737,27.837,255,255,255
497500,-57.734,-47.737,27.837,255,255,255
497750,-57.734,-47.737,27.837,255,255,255
498000,-57.734,-47.737,27.837,255,255,255
498250,-57.734,-47.737,27.837,255,255,255
498500,-57.734,-47.737,27.837,255,255,255
498750,-57.734,-47.737,27.837,255,255,255
499000,-57.734,-47.737,27.837,255,255,255
499250,-57.734,-47.737,27.837,255,255,255
499500,-57.734,-47.737,27.837,255,255,255
499750,-57.734,-47.737,27.837,255,255,255
500000,-57.734,-47.737,27.837,255,255,255
